date,weekday,hebrew_date,day,alos_16.1,alos_72,misheyakir_11.5,sunrise,sof_zman_shma_mga,sof_zman_shma_gra,sof_zman_tefila_mga,sof_zman_tefila_gra,chatzos,mincha_gedola,mincha_ketana,plag_hamincha,sunset,candle_lighting,tzais_8.5,tzais_72,havdalah_8.5,havdalah_72
2095-01-01,Saturday,25 Teves 5855,,05:51:47,06:06:48,06:17:10,07:18:48,09:03:40,09:39:40,10:02:37,10:26:37,12:00:31,12:24:00,14:44:52,15:43:34,16:42:15,,17:27:01,17:54:15,17:27:01,17:54:15
2095-01-02,Sunday,26 Teves 5855,,05:51:57,06:06:53,06:17:19,07:18:53,09:03:56,09:39:56,10:02:57,10:26:57,12:01:00,12:24:30,14:45:34,15:44:20,16:43:06,,17:27:49,17:55:06,,
2095-01-03,Monday,27 Teves 5855,,05:52:06,06:06:56,06:17:26,07:18:56,09:04:12,09:40:12,10:03:17,10:27:17,12:01:27,12:25:00,14:46:16,15:45:07,16:43:59,,17:28:38,17:55:59,,
2095-01-04,Tuesday,28 Teves 5855,,05:52:12,06:06:57,06:17:31,07:18:57,09:04:26,09:40:26,10:03:36,10:27:36,12:01:55,12:25:30,14:46:59,15:45:56,16:44:53,,17:29:29,17:56:53,,
2095-01-05,Wednesday,29 Teves 5855,,05:52:16,06:06:55,06:17:34,07:18:55,09:04:39,09:40:39,10:03:53,10:27:53,12:02:22,12:25:59,14:47:42,15:46:45,16:45:48,,17:30:21,17:57:48,,
2095-01-06,Thursday,1 Shevat 5855,,05:52:19,06:06:52,06:17:35,07:18:52,09:04:50,09:40:50,10:04:10,10:28:10,12:02:48,12:26:28,14:48:26,15:47:36,16:46:45,,17:31:14,17:58:45,,
2095-01-07,Friday,2 Shevat 5855,,05:52:20,06:06:46,06:17:35,07:18:46,09:05:00,09:41:00,10:04:25,10:28:25,12:03:15,12:26:57,14:49:11,15:48:27,16:47:43,16:29:43,17:32:08,17:59:43,,
2095-01-08,Saturday,3 Shevat 5855,,05:52:19,06:06:38,06:17:32,07:18:38,09:05:09,09:41:09,10:04:39,10:28:39,12:03:40,12:27:25,14:49:56,15:49:19,16:48:42,,17:33:03,18:00:42,17:33:03,18:00:42
2095-01-09,Sunday,4 Shevat 5855,,05:52:15,06:06:28,06:17:27,07:18:28,09:05:17,09:41:17,10:04:53,10:28:53,12:04:05,12:27:53,14:50:42,15:50:12,16:49:43,,17:33:59,18:01:43,,
2095-01-10,Monday,5 Shevat 5855,,05:52:10,06:06:15,06:17:20,07:18:15,09:05:23,09:41:23,10:05:05,10:29:05,12:04:30,12:28:21,14:51:28,15:51:06,16:50:44,,17:34:56,18:02:44,,
2095-01-11,Tuesday,6 Shevat 5855,,05:52:03,06:06:01,06:17:12,07:18:01,09:05:27,09:41:27,10:05:16,10:29:16,12:04:54,12:28:48,14:52:14,15:52:00,16:51:46,,17:35:54,18:03:46,,
2095-01-12,Wednesday,7 Shevat 5855,,05:51:54,06:05:44,06:17:01,07:17:44,09:05:31,09:41:31,10:05:26,10:29:26,12:05:17,12:29:15,14:53:01,15:52:56,16:52:50,,17:36:53,18:04:50,,
2095-01-13,Thursday,8 Shevat 5855,,05:51:43,06:05:25,06:16:48,07:17:25,09:05:32,09:41:32,10:05:35,10:29:35,12:05:40,12:29:41,14:53:48,15:53:51,16:53:54,,17:37:53,18:05:54,,
2095-01-14,Friday,9 Shevat 5855,,05:51:31,06:05:04,06:16:34,07:17:04,09:05:33,09:41:33,10:05:43,10:29:43,12:06:02,12:30:07,14:54:35,15:54:47,16:55:00,16:37:00,17:38:53,18:07:00,,
2095-01-15,Saturday,10 Shevat 5855,,05:51:16,06:04:41,06:16:17,07:16:41,09:05:32,09:41:32,10:05:49,10:29:49,12:06:23,12:30:32,14:55:23,15:55:44,16:56:06,,17:39:54,18:08:06,17:39:54,18:08:06
2095-01-16,Sunday,11 Shevat 5855,,05:50:59,06:04:15,06:15:58,07:16:15,09:05:30,09:41:30,10:05:54,10:29:54,12:06:44,12:30:56,14:56:11,15:56:42,16:57:12,,17:40:56,18:09:12,,
2095-01-17,Monday,12 Shevat 5855,,05:50:40,06:03:48,06:15:38,07:15:48,09:05:26,09:41:26,10:05:59,10:29:59,12:07:04,12:31:20,14:56:58,15:57:39,16:58:20,,17:41:58,18:10:20,,
2095-01-18,Tuesday,13 Shevat 5855,,05:50:20,06:03:18,06:15:15,07:15:18,09:05:21,09:41:21,10:06:02,10:30:02,12:07:23,12:31:44,14:57:46,15:58:37,16:59:28,,17:43:01,18:11:28,,
2095-01-19,Wednesday,14 Shevat 5855,,05:49:57,06:02:47,06:14:50,07:14:47,09:05:14,09:41:14,10:06:04,10:30:04,12:07:42,12:32:07,14:58:34,15:59:36,17:00:37,,17:44:04,18:12:37,,
2095-01-20,Thursday,15 Shevat 5855,tu beshvat,05:49:32,06:02:13,06:14:24,07:14:13,09:05:06,09:41:06,10:06:04,10:30:04,12:08:00,12:32:29,14:59:22,16:00:34,17:01:47,,17:45:08,18:13:47,,
2095-01-21,Friday,16 Shevat 5855,,05:49:06,06:01:37,06:13:55,07:13:37,09:04:57,09:40:57,10:06:04,10:30:04,12:08:17,12:32:50,15:00:10,16:01:33,17:02:57,16:44:57,17:46:13,18:14:57,,
2095-01-22,Saturday,17 Shevat 5855,,05:48:37,06:01:00,06:13:25,07:13:00,09:04:46,09:40:46,10:06:02,10:30:02,12:08:33,12:33:11,15:00:58,16:02:32,17:04:07,,17:47:17,18:16:07,17:47:17,18:16:07
2095-01-23,Sunday,18 Shevat 5855,,05:48:07,06:00:20,06:12:53,07:12:20,09:04:34,09:40:34,10:05:59,10:29:59,12:08:49,12:33:31,15:01:46,16:03:32,17:05:18,,17:48:23,18:17:18,,
2095-01-24,Monday,19 Shevat 5855,,05:47:35,05:59:38,06:12:18,07:11:38,09:04:21,09:40:21,10:05:55,10:29:55,12:09:04,12:33:51,15:02:33,16:04:31,17:06:29,,17:49:28,18:18:29,,
2095-01-25,Tuesday,20 Shevat 5855,,05:47:01,05:58:55,06:11:42,07:10:55,09:04:06,09:40:06,10:05:50,10:29:50,12:09:18,12:34:10,15:03:21,16:05:31,17:07:40,,17:50:34,18:19:40,,
2095-01-26,Wednesday,21 Shevat 5855,,05:46:25,05:58:09,06:11:04,07:10:09,09:03:50,09:39:50,10:05:44,10:29:44,12:09:31,12:34:28,15:04:08,16:06:30,17:08:52,,17:51:40,18:20:52,,
2095-01-27,Thursday,22 Shevat 5855,,05:45:47,05:57:22,06:10:24,07:09:22,09:03:33,09:39:33,10:05:36,10:29:36,12:09:43,12:34:45,15:04:55,16:07:30,17:10:04,,17:52:46,18:22:04,,
2095-01-28,Friday,23 Shevat 5855,,05:45:07,05:56:33,06:09:43,07:08:33,09:03:14,09:39:14,10:05:27,10:29:27,12:09:55,12:35:02,15:05:42,16:08:29,17:11:16,16:53:16,17:53:53,18:23:16,,
2095-01-29,Saturday,24 Shevat 5855,,05:44:25,05:55:42,06:08:59,07:07:42,09:02:54,09:38:54,10:05:18,10:29:18,12:10:05,12:35:17,15:06:29,16:09:29,17:12:29,,17:55:00,18:24:29,17:55:00,18:24:29
2095-01-30,Sunday,25 Shevat 5855,,05:43:42,05:54:49,06:08:14,07:06:49,09:02:32,09:38:32,10:05:07,10:29:07,12:10:15,12:35:33,15:07:16,16:10:28,17:13:41,,17:56:06,18:25:41,,
2095-01-31,Monday,26 Shevat 5855,,05:42:57,05:53:55,06:07:26,07:05:55,09:02:10,09:38:10,10:04:55,10:28:55,12:10:24,12:35:47,15:08:02,16:11:28,17:14:54,,17:57:13,18:26:54,,
2095-02-01,Tuesday,27 Shevat 5855,,05:42:10,05:52:59,06:06:38,07:04:59,09:01:46,09:37:46,10:04:41,10:28:41,12:10:33,12:36:01,15:08:47,16:12:27,17:16:07,,17:58:21,18:28:07,,
2095-02-02,Wednesday,28 Shevat 5855,,05:41:21,05:52:01,06:05:47,07:04:01,09:01:21,09:37:21,10:04:27,10:28:27,12:10:40,12:36:13,15:09:33,16:13:26,17:17:19,,17:59:28,18:29:19,,
2095-02-03,Thursday,29 Shevat 5855,,05:40:30,05:51:02,06:04:55,07:03:02,09:00:54,09:36:54,10:04:12,10:28:12,12:10:47,12:36:26,15:10:18,16:14:25,17:18:32,,18:00:35,18:30:32,,
2095-02-04,Friday,30 Shevat 5855,,05:39:38,05:50:01,06:04:01,07:02:01,09:00:27,09:36:27,10:03:55,10:27:55,12:10:53,12:36:37,15:11:03,16:15:24,17:19:45,17:01:45,18:01:42,18:31:45,,
2095-02-05,Saturday,1 Adar I 5855,,05:38:44,05:48:58,06:03:05,07:00:58,08:59:58,09:35:58,10:03:38,10:27:38,12:10:58,12:36:48,15:11:47,16:16:22,17:20:57,,18:02:49,18:32:57,18:02:49,18:32:57
2095-02-06,Sunday,2 Adar I 5855,,05:37:48,05:47:54,06:02:08,06:59:54,08:59:28,09:35:28,10:03:19,10:27:19,12:11:02,12:36:57,15:12:31,16:17:20,17:22:10,,18:03:56,18:34:10,,
2095-02-07,Monday,3 Adar I 5855,,05:36:51,05:46:48,06:01:09,06:58:48,08:58:57,09:34:57,10:03:00,10:27:00,12:11:05,12:37:07,15:13:15,16:18:18,17:23:22,,18:05:04,18:35:22,,
2095-02-08,Tuesday,4 Adar I 5855,,05:35:52,05:45:41,06:00:08,06:57:41,08:58:24,09:34:24,10:02:39,10:26:39,12:11:08,12:37:15,15:13:58,16:19:16,17:24:34,,18:06:11,18:36:34,,
2095-02-09,Wednesday,5 Adar I 5855,,05:34:51,05:44:33,05:59:06,06:56:33,08:57:51,09:33:51,10:02:17,10:26:17,12:11:09,12:37:23,15:14:41,16:20:14,17:25:46,,18:07:18,18:37:46,,
2095-02-10,Thursday,6 Adar I 5855,,05:33:49,05:43:23,05:58:02,06:55:23,08:57:17,09:33:17,10:01:55,10:25:55,12:11:10,12:37:29,15:15:23,16:21:11,17:26:58,,18:08:25,18:38:58,,
2095-02-11,Friday,7 Adar I 5855,,05:32:45,05:42:12,05:56:57,06:54:12,08:56:41,09:32:41,10:01:31,10:25:31,12:11:11,12:37:36,15:16:05,16:22:07,17:28:10,17:10:10,18:09:32,18:40:10,,
2095-02-12,Saturday,8 Adar I 5855,,05:31:40,05:40:59,05:55:51,06:52:59,08:56:05,09:32:05,10:01:06,10:25:06,12:11:10,12:37:41,15:16:47,16:23:04,17:29:21,,18:10:38,18:41:21,18:10:38,18:41:21
2095-02-13,Sunday,9 Adar I 5855,,05:30:33,05:39:45,05:54:43,06:51:45,08:55:27,09:31:27,10:00:41,10:24:41,12:11:09,12:37:46,15:17:28,16:24:00,17:30:32,,18:11:45,18:42:32,,
2095-02-14,Monday,10 Adar I 5855,,05:29:25,05:38:30,05:53:33,06:50:30,08:54:48,09:30:48,10:00:14,10:24:14,12:11:07,12:37:50,15:18:08,16:24:56,17:31:43,,18:12:52,18:43:43,,
2095-02-15,Tuesday,11 Adar I 5855,,05:28:15,05:37:14,05:52:22,06:49:14,08:54:09,09:30:09,09:59:47,10:23:47,12:11:04,12:37:53,15:18:48,16:25:51,17:32:54,,18:13:58,18:44:54,,
2095-02-16,Wednesday,12 Adar I 5855,,05:27:04,05:35:56,05:51:10,06:47:56,08:53:28,09:29:28,09:59:19,10:23:19,12:11:00,12:37:56,15:19:28,16:26:46,17:34:05,,18:15:04,18:46:05,,
2095-02-17,Thursday,13 Adar I 5855,,05:25:51,05:34:37,05:49:56,06:46:37,08:52:47,09:28:47,09:58:50,10:22:50,12:10:56,12:37:58,15:20:07,16:27:41,17:35:15,,18:16:10,18:47:15,,
2095-02-18,Friday,14 Adar I 5855,purim katan,05:24:37,05:33:18,05:48:42,06:45:18,08:52:04,09:28:04,09:58:20,10:22:20,12:10:51,12:37:59,15:20:46,16:28:35,17:36:25,17:18:25,18:17:16,18:48:25,,
2095-02-19,Saturday,15 Adar I 5855,shushan purim katan,05:23:22,05:31:57,05:47:25,06:43:57,08:51:21,09:27:21,09:57:49,10:21:49,12:10:45,12:38:00,15:21:24,16:29:29,17:37:34,,18:18:22,18:49:34,18:18:22,18:49:34
2095-02-20,Sunday,16 Adar I 5855,,05:22:05,05:30:35,05:46:08,06:42:35,08:50:37,09:26:37,09:57:18,10:21:18,12:10:39,12:38:00,15:22:02,16:30:23,17:38:44,,18:19:28,18:50:44,,
2095-02-21,Monday,17 Adar I 5855,,05:20:47,05:29:12,05:44:49,06:41:12,08:49:52,09:25:52,09:56:45,10:20:45,12:10:32,12:37:59,15:22:39,16:31:16,17:39:53,,18:20:33,18:51:53,,
2095-02-22,Tuesday,18 Adar I 5855,,05:19:27,05:27:48,05:43:30,06:39:48,08:49:06,09:25:06,09:56:12,10:20:12,12:10:25,12:37:58,15:23:16,16:32:09,17:41:01,,18:21:39,18:53:01,,
2095-02-23,Wednesday,19 Adar I 5855,,05:18:07,05:26:23,05:42:09,06:38:23,08:48:20,09:24:20,09:55:39,10:19:39,12:10:16,12:37:56,15:23:53,16:33:01,17:42:10,,18:22:44,18:54:10,,
2095-02-24,Thursday,20 Adar I 5855,,05:16:45,05:24:57,05:40:47,06:36:57,08:47:33,09:23:33,09:55:04,10:19:04,12:10:08,12:37:53,15:24:29,16:33:53,17:43:18,,18:23:49,18:55:18,,
2095-02-25,Friday,21 Adar I 5855,,05:15:22,05:23:31,05:39:23,06:35:31,08:46:45,09:22:45,09:54:29,10:18:29,12:09:58,12:37:51,15:25:04,16:34:45,17:44:26,17:26:26,18:24:54,18:56:26,,
2095-02-26,Saturday,22 Adar I 5855,,05:13:57,05:22:03,05:37:59,06:34:03,08:45:56,09:21:56,09:53:53,10:17:53,12:09:48,12:37:47,15:25:39,16:35:36,17:45:33,,18:25:59,18:57:33,18:25:59,18:57:33
2095-02-27,Sunday,23 Adar I 5855,,05:12:32,05:20:35,05:36:34,06:32:35,08:45:06,09:21:06,09:53:17,10:17:17,12:09:38,12:37:43,15:26:14,16:36:27,17:46:40,,18:27:04,18:58:40,,
2095-02-28,Monday,24 Adar I 5855,,05:11:05,05:19:06,05:35:08,06:31:06,08:44:16,09:20:16,09:52:40,10:16:40,12:09:27,12:37:38,15:26:49,16:37:18,17:47:47,,18:28:08,18:59:47,,
2095-03-01,Tuesday,25 Adar I 5855,,05:09:38,05:17:37,05:33:40,06:29:37,08:43:26,09:19:26,09:52:02,10:16:02,12:09:15,12:37:33,15:27:23,16:38:08,17:48:54,,18:29:13,19:00:54,,
2095-03-02,Wednesday,26 Adar I 5855,,05:08:09,05:16:06,05:32:12,06:28:06,08:42:35,09:18:35,09:51:24,10:15:24,12:09:03,12:37:28,15:27:56,16:38:58,17:50:00,,18:30:17,19:02:00,,
2095-03-03,Thursday,27 Adar I 5855,,05:06:40,05:14:35,05:30:43,06:26:35,08:41:43,09:17:43,09:50:45,10:14:45,12:08:51,12:37:22,15:28:30,16:39:48,17:51:06,,18:31:21,19:03:06,,
2095-03-04,Friday,28 Adar I 5855,,05:05:09,05:13:03,05:29:13,06:25:03,08:40:50,09:16:50,09:50:06,10:14:06,12:08:38,12:37:15,15:29:03,16:40:37,17:52:12,17:34:12,18:32:26,19:04:12,,
2095-03-05,Saturday,29 Adar I 5855,,05:03:37,05:11:31,05:27:42,06:23:31,08:39:58,09:15:58,09:49:26,10:13:26,12:08:24,12:37:09,15:29:35,16:41:26,17:53:17,,18:33:30,19:05:17,18:33:30,19:05:17
2095-03-06,Sunday,30 Adar I 5855,,05:02:05,05:09:58,05:26:11,06:21:58,08:39:04,09:15:04,09:48:46,10:12:46,12:08:10,12:37:01,15:30:07,16:42:15,17:54:22,,18:34:33,19:06:22,,
2095-03-07,Monday,1 Adar II 5855,,05:00:31,05:08:25,05:24:38,06:20:25,08:38:11,09:14:11,09:48:06,10:12:06,12:07:56,12:36:54,15:30:39,16:43:03,17:55:27,,18:35:37,19:07:27,,
2095-03-08,Tuesday,2 Adar II 5855,,04:58:57,05:06:51,05:23:05,06:18:51,08:37:16,09:13:16,09:47:25,10:11:25,12:07:41,12:36:46,15:31:11,16:43:51,17:56:32,,18:36:41,19:08:32,,
2095-03-09,Wednesday,3 Adar II 5855,,04:57:21,05:05:17,05:21:31,06:17:17,08:36:22,09:12:22,09:46:43,10:10:43,12:07:27,12:36:37,15:31:42,16:44:39,17:57:36,,18:37:45,19:09:36,,
2095-03-10,Thursday,4 Adar II 5855,,04:55:45,05:03:42,05:19:56,06:15:42,08:35:27,09:11:27,09:46:01,10:10:01,12:07:11,12:36:29,15:32:13,16:45:27,17:58:40,,18:38:49,19:10:40,,
2095-03-11,Friday,5 Adar II 5855,,04:54:08,05:02:07,05:18:21,06:14:07,08:34:31,09:10:31,09:45:19,10:09:19,12:06:56,12:36:20,15:32:44,16:46:14,17:59:44,17:41:44,18:39:52,19:11:44,,
2095-03-12,Saturday,6 Adar II 5855,,04:52:30,05:00:31,05:16:45,06:12:31,08:33:36,09:09:36,09:44:37,10:08:37,12:06:40,12:36:10,15:33:15,16:47:01,18:00:48,,18:40:56,19:12:48,18:40:56,19:12:48
2095-03-13,Sunday,7 Adar II 5855,,04:50:52,04:58:55,05:15:08,06:10:55,08:32:39,09:08:39,09:43:54,10:07:54,12:06:24,12:36:01,15:33:45,16:47:48,18:01:52,,18:42:00,19:13:52,,
2095-03-14,Monday,8 Adar II 5855,,04:49:13,04:57:19,05:13:31,06:09:19,08:31:43,09:07:43,09:43:11,10:07:11,12:06:07,12:35:51,15:34:15,16:48:35,18:02:55,,18:43:03,19:14:55,,
2095-03-15,Tuesday,9 Adar II 5855,,04:47:33,04:55:43,05:11:54,06:07:43,08:30:47,09:06:47,09:42:28,10:06:28,12:05:50,12:35:41,15:34:45,16:49:21,18:03:58,,18:44:07,19:15:58,,
2095-03-16,Wednesday,10 Adar II 5855,,04:45:52,04:54:06,05:10:15,06:06:06,08:29:50,09:05:50,09:41:44,10:05:44,12:05:34,12:35:31,15:35:14,16:50:08,18:05:01,,18:45:10,19:17:01,,
2095-03-17,Thursday,11 Adar II 5855,taanis esther,04:44:11,04:52:29,05:08:37,06:04:29,08:28:53,09:04:53,09:41:01,10:05:01,12:05:16,12:35:20,15:35:44,16:50:54,18:06:04,,18:46:14,19:18:04,,
2095-03-18,Friday,12 Adar II 5855,,04:42:29,04:50:52,05:06:57,06:02:52,08:27:56,09:03:56,09:40:17,10:04:17,12:04:59,12:35:10,15:36:13,16:51:40,18:07:06,17:49:06,18:47:18,19:19:06,,
2095-03-19,Saturday,13 Adar II 5855,,04:40:47,04:49:15,05:05:18,06:01:15,08:26:58,09:02:58,09:39:33,10:03:33,12:04:42,12:34:59,15:36:42,16:52:25,18:08:09,,18:48:22,19:20:09,18:48:22,19:20:09
2095-03-20,Sunday,14 Adar II 5855,purim,04:39:04,04:47:38,05:03:38,05:59:38,08:26:01,09:02:01,09:38:49,10:02:49,12:04:24,12:34:48,15:37:11,16:53:11,18:09:11,,18:49:25,19:21:11,,
2095-03-21,Monday,15 Adar II 5855,shushan purim,04:37:21,04:46:00,05:01:57,05:58:00,08:25:03,09:01:03,09:38:05,10:02:05,12:04:07,12:34:37,15:37:40,16:53:57,18:10:13,,18:50:29,19:22:13,,
2095-03-22,Tuesday,16 Adar II 5855,,04:35:37,04:44:23,05:00:17,05:56:23,08:24:06,09:00:06,09:37:20,10:01:20,12:03:49,12:34:26,15:38:09,16:54:42,18:11:15,,18:51:33,19:23:15,,
2095-03-23,Wednesday,17 Adar II 5855,,04:33:52,04:42:45,04:58:36,05:54:45,08:23:08,08:59:08,09:36:36,10:00:36,12:03:31,12:34:15,15:38:38,16:55:27,18:12:17,,18:52:37,19:24:17,,
2095-03-24,Thursday,18 Adar II 5855,,04:32:07,04:41:08,04:56:54,05:53:08,08:22:11,08:58:11,09:35:51,09:59:51,12:03:13,12:34:04,15:39:06,16:56:13,18:13:19,,18:53:42,19:25:19,,
2095-03-25,Friday,19 Adar II 5855,,04:30:22,04:39:30,04:55:13,05:51:30,08:21:13,08:57:13,09:35:07,09:59:07,12:02:55,12:33:52,15:39:35,16:56:58,18:14:20,17:56:20,18:54:46,19:26:20,,
2095-03-26,Saturday,20 Adar II 5855,,04:28:37,04:37:53,04:53:31,05:49:53,08:20:15,08:56:15,09:34:23,09:58:23,12:02:38,12:33:41,15:40:03,16:57:43,18:15:22,,18:55:50,19:27:22,18:55:50,19:27:22
2095-03-27,Sunday,21 Adar II 5855,,04:26:51,04:36:16,04:51:49,05:48:16,08:19:18,08:55:18,09:33:38,09:57:38,12:02:20,12:33:30,15:40:32,16:58:28,18:16:24,,18:56:55,19:28:24,,
2095-03-28,Monday,22 Adar II 5855,,04:25:04,04:34:38,04:50:06,05:46:38,08:18:20,08:54:20,09:32:54,09:56:54,12:02:02,12:33:19,15:41:00,16:59:13,18:17:25,,18:57:59,19:29:25,,
2095-03-29,Tuesday,23 Adar II 5855,,04:23:18,04:33:01,04:48:24,05:45:01,08:17:23,08:53:23,09:32:10,09:56:10,12:01:44,12:33:08,15:41:29,16:59:58,18:18:27,,18:59:04,19:30:27,,
2095-03-30,Wednesday,24 Adar II 5855,,04:21:31,04:31:25,04:46:42,05:43:25,08:16:25,08:52:25,09:31:26,09:55:26,12:01:26,12:32:56,15:41:57,17:00:43,18:19:28,,19:00:09,19:31:28,,
2095-03-31,Thursday,25 Adar II 5855,,04:19:43,04:29:48,04:44:59,05:41:48,08:15:28,08:51:28,09:30:42,09:54:42,12:01:09,12:32:45,15:42:26,17:01:27,18:20:29,,19:01:14,19:32:29,,
2095-04-01,Friday,26 Adar II 5855,,04:17:56,04:28:12,04:43:16,05:40:12,08:14:31,08:50:31,09:29:58,09:53:58,12:00:51,12:32:34,15:42:54,17:02:12,18:21:31,18:03:31,19:02:20,19:33:31,,
2095-04-02,Saturday,27 Adar II 5855,,04:16:09,04:26:35,04:41:34,05:38:35,08:13:35,08:49:35,09:29:14,09:53:14,12:00:34,12:32:23,15:43:23,17:02:57,18:22:32,,19:03:25,19:34:32,19:03:25,19:34:32
2095-04-03,Sunday,28 Adar II 5855,,04:14:21,04:25:00,04:39:51,05:37:00,08:12:38,08:48:38,09:28:31,09:52:31,12:00:16,12:32:13,15:43:51,17:03:42,18:23:33,,19:04:31,19:35:33,,
2095-04-04,Monday,29 Adar II 5855,,04:12:33,04:23:24,04:38:09,05:35:24,08:11:42,08:47:42,09:27:48,09:51:48,11:59:59,12:32:02,15:44:20,17:04:27,18:24:34,,19:05:37,19:36:34,,
2095-04-05,Tuesday,1 Nissan 5855,,04:10:45,04:21:49,04:36:26,05:33:49,08:10:46,08:46:46,09:27:05,09:51:05,11:59:42,12:31:52,15:44:48,17:05:12,18:25:36,,19:06:43,19:37:36,,
2095-04-06,Wednesday,2 Nissan 5855,,04:08:57,04:20:14,04:34:44,05:32:14,08:09:50,08:45:50,09:26:22,09:50:22,11:59:26,12:31:42,15:45:17,17:05:57,18:26:37,,19:07:49,19:38:37,,
2095-04-07,Thursday,3 Nissan 5855,,04:07:09,04:18:40,04:33:02,05:30:40,08:08:54,08:44:54,09:25:39,09:49:39,11:59:09,12:31:31,15:45:46,17:06:42,18:27:38,,19:08:55,19:39:38,,
2095-04-08,Friday,4 Nissan 5855,,04:05:21,04:17:06,04:31:19,05:29:06,08:07:59,08:43:59,09:24:57,09:48:57,11:58:53,12:31:22,15:46:15,17:07:27,18:28:39,18:10:39,19:10:02,19:40:39,,
2095-04-09,Saturday,5 Nissan 5855,,04:03:33,04:15:33,04:29:38,05:27:33,08:07:05,08:43:05,09:24:15,09:48:15,11:58:37,12:31:12,15:46:44,17:08:12,18:29:41,,19:11:09,19:41:41,19:11:09,19:41:41
2095-04-10,Sunday,6 Nissan 5855,,04:01:45,04:14:00,04:27:56,05:26:00,08:06:10,08:42:10,09:23:34,09:47:34,11:58:21,12:31:03,15:47:13,17:08:58,18:30:42,,19:12:16,19:42:42,,
2095-04-11,Monday,7 Nissan 5855,,03:59:57,04:12:27,04:26:15,05:24:27,08:05:16,08:41:16,09:22:53,09:46:53,11:58:05,12:30:54,15:47:43,17:09:43,18:31:43,,19:13:23,19:43:43,,
2095-04-12,Tuesday,8 Nissan 5855,,03:58:10,04:10:56,04:24:34,05:22:56,08:04:23,08:40:23,09:22:12,09:46:12,11:57:50,12:30:45,15:48:12,17:10:28,18:32:45,,19:14:30,19:44:45,,
2095-04-13,Wednesday,9 Nissan 5855,,03:56:22,04:09:24,04:22:53,05:21:24,08:03:30,08:39:30,09:21:32,09:45:32,11:57:35,12:30:36,15:48:42,17:11:14,18:33:46,,19:15:38,19:45:46,,
2095-04-14,Thursday,10 Nissan 5855,,03:54:35,04:07:54,04:21:12,05:19:54,08:02:37,08:38:37,09:20:52,09:44:52,11:57:21,12:30:28,15:49:11,17:11:59,18:34:48,,19:16:46,19:46:48,,
2095-04-15,Friday,11 Nissan 5855,,03:52:48,04:06:24,04:19:32,05:18:24,08:01:45,08:37:45,09:20:12,09:44:12,11:57:07,12:30:20,15:49:41,17:12:45,18:35:49,18:17:49,19:17:54,19:47:49,,
2095-04-16,Saturday,12 Nissan 5855,,03:51:01,04:04:55,04:17:53,05:16:55,08:00:54,08:36:54,09:19:33,09:43:33,11:56:53,12:30:12,15:50:11,17:13:31,18:36:50,,19:19:02,19:48:50,19:19:02,19:48:50
2095-04-17,Sunday,13 Nissan 5855,,03:49:14,04:03:26,04:16:14,05:15:26,08:00:03,08:36:03,09:18:55,09:42:55,11:56:39,12:30:05,15:50:42,17:14:17,18:37:52,,19:20:11,19:49:52,,
2095-04-18,Monday,14 Nissan 5855,erev pesach,03:47:28,04:01:59,04:14:35,05:13:59,07:59:12,08:35:12,09:18:17,09:42:17,11:56:26,12:29:58,15:51:12,17:15:03,18:38:53,18:20:53,19:21:19,19:50:53,,
2095-04-19,Tuesday,15 Nissan 5855,pesach,03:45:42,04:00:32,04:12:57,05:12:32,07:58:23,08:34:23,09:17:39,09:41:39,11:56:13,12:29:52,15:51:43,17:15:49,18:39:55,after 19:22:28,19:22:28,19:51:55,,
2095-04-20,Wednesday,16 Nissan 5855,pesach,03:43:57,03:59:06,04:11:20,05:11:06,07:57:33,08:33:33,09:17:03,09:41:03,11:56:01,12:29:46,15:52:13,17:16:35,18:40:56,,19:23:37,19:52:56,19:23:37,19:52:56
2095-04-21,Thursday,17 Nissan 5855,chol hamoed pesach,03:42:12,03:57:40,04:09:43,05:09:40,07:56:45,08:32:45,09:16:26,09:40:26,11:55:49,12:29:40,15:52:44,17:17:21,18:41:58,,19:24:46,19:53:58,,
2095-04-22,Friday,18 Nissan 5855,chol hamoed pesach,03:40:27,03:56:16,04:08:07,05:08:16,07:55:57,08:31:57,09:15:51,09:39:51,11:55:38,12:29:35,15:53:15,17:18:07,18:42:59,18:24:59,19:25:55,19:54:59,,
2095-04-23,Saturday,19 Nissan 5855,chol hamoed pesach,03:38:43,03:54:53,04:06:31,05:06:53,07:55:10,08:31:10,09:15:15,09:39:15,11:55:27,12:29:30,15:53:47,17:18:54,18:44:01,,19:27:05,19:56:01,19:27:05,19:56:01
2095-04-24,Sunday,20 Nissan 5855,chol hamoed pesach,03:37:00,03:53:30,04:04:57,05:05:30,07:54:23,08:30:23,09:14:41,09:38:41,11:55:16,12:29:25,15:54:18,17:19:40,18:45:02,18:27:02,19:28:14,19:57:02,,
2095-04-25,Monday,21 Nissan 5855,pesach,03:35:17,03:52:09,04:03:23,05:04:09,07:53:37,08:29:37,09:14:07,09:38:07,11:55:06,12:29:21,15:54:50,17:20:27,18:46:04,after 19:29:24,19:29:24,19:58:04,,
2095-04-26,Tuesday,22 Nissan 5855,pesach,03:33:35,03:50:48,04:01:49,05:02:48,07:52:52,08:28:52,09:13:34,09:37:34,11:54:57,12:29:17,15:55:22,17:21:13,18:47:05,,19:30:33,19:59:05,19:30:33,19:59:05
2095-04-27,Wednesday,23 Nissan 5855,,03:31:54,03:49:29,04:00:17,05:01:29,07:52:08,08:28:08,09:13:01,09:37:01,11:54:48,12:29:14,15:55:54,17:22:00,18:48:06,,19:31:43,20:00:06,,
2095-04-28,Thursday,24 Nissan 5855,,03:30:13,03:48:10,03:58:45,05:00:10,07:51:25,08:27:25,09:12:29,09:36:29,11:54:39,12:29:11,15:56:26,17:22:47,18:49:08,,19:32:53,20:01:08,,
2095-04-29,Friday,25 Nissan 5855,,03:28:33,03:46:53,03:57:15,04:58:53,07:50:42,08:26:42,09:11:58,09:35:58,11:54:31,12:29:09,15:56:58,17:23:33,18:50:09,18:32:09,19:34:03,20:02:09,,
2095-04-30,Saturday,26 Nissan 5855,,03:26:54,03:45:37,03:55:45,04:57:37,07:50:00,08:26:00,09:11:28,09:35:28,11:54:23,12:29:07,15:57:30,17:24:20,18:51:10,,19:35:12,20:03:10,19:35:12,20:03:10
2095-05-01,Sunday,27 Nissan 5855,,03:25:15,03:44:22,03:54:17,04:56:22,07:49:19,08:25:19,09:10:58,09:34:58,11:54:16,12:29:06,15:58:03,17:25:07,18:52:11,,19:36:22,20:04:11,,
2095-05-02,Monday,28 Nissan 5855,,03:23:38,03:43:08,03:52:49,04:55:08,07:48:39,08:24:39,09:10:29,09:34:29,11:54:10,12:29:05,15:58:36,17:25:54,18:53:12,,19:37:32,20:05:12,,
2095-05-03,Tuesday,29 Nissan 5855,,03:22:02,03:41:55,03:51:23,04:53:55,07:48:00,08:24:00,09:10:01,09:34:01,11:54:04,12:29:05,15:59:09,17:26:41,18:54:12,,19:38:42,20:06:12,,
2095-05-04,Wednesday,30 Nissan 5855,,03:20:26,03:40:44,03:49:57,04:52:44,07:47:21,08:23:21,09:09:34,09:33:34,11:53:58,12:29:05,15:59:42,17:27:27,18:55:13,,19:39:51,20:07:13,,
2095-05-05,Thursday,1 Iyar 5855,,03:18:52,03:39:34,03:48:33,04:51:34,07:46:44,08:22:44,09:09:07,09:33:07,11:53:54,12:29:05,16:00:15,17:28:14,18:56:13,,19:41:01,20:08:13,,
2095-05-06,Friday,2 Iyar 5855,,03:17:19,03:38:25,03:47:10,04:50:25,07:46:07,08:22:07,09:08:41,09:32:41,11:53:49,12:29:06,16:00:48,17:29:01,18:57:13,18:39:13,19:42:10,20:09:13,,
2095-05-07,Saturday,3 Iyar 5855,,03:15:47,03:37:18,03:45:49,04:49:18,07:45:32,08:21:32,09:08:16,09:32:16,11:53:45,12:29:08,16:01:21,17:29:47,18:58:13,,19:43:19,20:10:13,19:43:19,20:10:13
2095-05-08,Sunday,4 Iyar 5855,,03:14:16,03:36:12,03:44:28,04:48:12,07:44:57,08:20:57,09:07:52,09:31:52,11:53:42,12:29:10,16:01:55,17:30:34,18:59:13,,19:44:28,20:11:13,,
2095-05-09,Monday,5 Iyar 5855,,03:12:46,03:35:07,03:43:09,04:47:07,07:44:23,08:20:23,09:07:29,09:31:29,11:53:40,12:29:12,16:02:28,17:31:20,19:00:12,,19:45:36,20:12:12,,
2095-05-10,Tuesday,6 Iyar 5855,,03:11:18,03:34:04,03:41:51,04:46:04,07:43:51,08:19:51,09:07:06,09:31:06,11:53:37,12:29:15,16:03:02,17:32:06,19:01:11,,19:46:45,20:13:11,,
2095-05-11,Wednesday,7 Iyar 5855,,03:09:51,03:33:02,03:40:35,04:45:02,07:43:19,08:19:19,09:06:45,09:30:45,11:53:36,12:29:19,16:03:35,17:32:52,19:02:09,,19:47:53,20:14:09,,
2095-05-12,Thursday,8 Iyar 5855,,03:08:25,03:32:02,03:39:20,04:44:02,07:42:49,08:18:49,09:06:24,09:30:24,11:53:35,12:29:23,16:04:09,17:33:38,19:03:08,,19:49:00,20:15:08,,
2095-05-13,Friday,9 Iyar 5855,,03:07:01,03:31:04,03:38:07,04:43:04,07:42:19,08:18:19,09:06:04,09:30:04,11:53:34,12:29:27,16:04:43,17:34:24,19:04:05,18:46:05,19:50:07,20:16:05,,
2095-05-14,Saturday,10 Iyar 5855,,03:05:38,03:30:06,03:36:55,04:42:06,07:41:51,08:17:51,09:05:45,09:29:45,11:53:35,12:29:32,16:05:16,17:35:09,19:05:03,,19:51:14,20:17:03,19:51:14,20:17:03
2095-05-15,Sunday,11 Iyar 5855,,03:04:17,03:29:11,03:35:45,04:41:11,07:41:23,08:17:23,09:05:27,09:29:27,11:53:35,12:29:37,16:05:50,17:35:55,19:06:00,,19:52:20,20:18:00,,
2095-05-16,Monday,12 Iyar 5855,,03:02:58,03:28:17,03:34:37,04:40:17,07:40:57,08:16:57,09:05:10,09:29:10,11:53:37,12:29:43,16:06:23,17:36:39,19:06:56,,19:53:26,20:18:56,,
2095-05-17,Tuesday,13 Iyar 5855,,03:01:40,03:27:25,03:33:30,04:39:25,07:40:32,08:16:32,09:04:54,09:28:54,11:53:38,12:29:49,16:06:56,17:37:24,19:07:52,,19:54:31,20:19:52,,
2095-05-18,Wednesday,14 Iyar 5855,pesach sheni,03:00:25,03:26:34,03:32:25,04:38:34,07:40:07,08:16:07,09:04:38,09:28:38,11:53:41,12:29:56,16:07:29,17:38:08,19:08:47,,19:55:35,20:20:47,,
2095-05-19,Thursday,15 Iyar 5855,,02:59:10,03:25:45,03:31:22,04:37:45,07:39:44,08:15:44,09:04:24,09:28:24,11:53:44,12:30:03,16:08:03,17:38:52,19:09:42,,19:56:39,20:21:42,,
2095-05-20,Friday,16 Iyar 5855,,02:57:58,03:24:58,03:30:21,04:36:58,07:39:22,08:15:22,09:04:11,09:28:11,11:53:47,12:30:11,16:08:35,17:39:36,19:10:36,18:52:36,19:57:42,20:22:36,,
2095-05-21,Saturday,17 Iyar 5855,,02:56:48,03:24:12,03:29:21,04:36:12,07:39:02,08:15:02,09:03:58,09:27:58,11:53:51,12:30:19,16:09:08,17:40:19,19:11:29,,19:58:44,20:23:29,19:58:44,20:23:29
2095-05-22,Sunday,18 Iyar 5855,lag baomer,02:55:40,03:23:29,03:28:24,04:35:29,07:38:42,08:14:42,09:03:46,09:27:46,11:53:55,12:30:27,16:09:41,17:41:01,19:12:22,,19:59:45,20:24:22,,
2095-05-23,Monday,19 Iyar 5855,,02:54:33,03:22:47,03:27:28,04:34:47,07:38:23,08:14:23,09:03:36,09:27:36,11:54:00,12:30:36,16:10:13,17:41:43,19:13:14,,20:00:46,20:25:14,,
2095-05-24,Tuesday,20 Iyar 5855,,02:53:29,03:22:07,03:26:34,04:34:07,07:38:06,08:14:06,09:03:26,09:27:26,11:54:06,12:30:45,16:10:45,17:42:25,19:14:05,,20:01:45,20:26:05,,
2095-05-25,Wednesday,21 Iyar 5855,,02:52:27,03:21:28,03:25:43,04:33:28,07:37:50,08:13:50,09:03:17,09:27:17,11:54:11,12:30:55,16:11:17,17:43:06,19:14:55,,20:02:44,20:26:55,,
2095-05-26,Thursday,22 Iyar 5855,,02:51:27,03:20:52,03:24:53,04:32:52,07:37:35,08:13:35,09:03:09,09:27:09,11:54:18,12:31:05,16:11:48,17:43:46,19:15:44,,20:03:41,20:27:44,,
2095-05-27,Friday,23 Iyar 5855,,02:50:30,03:20:17,03:24:06,04:32:17,07:37:21,08:13:21,09:03:02,09:27:02,11:54:25,12:31:15,16:12:19,17:44:26,19:16:32,18:58:32,20:04:37,20:28:32,,
2095-05-28,Saturday,24 Iyar 5855,,02:49:35,03:19:44,03:23:20,04:31:44,07:37:08,08:13:08,09:02:56,09:26:56,11:54:32,12:31:26,16:12:50,17:45:05,19:17:20,,20:05:32,20:29:20,20:05:32,20:29:20
2095-05-29,Sunday,25 Iyar 5855,,02:48:42,03:19:13,03:22:37,04:31:13,07:36:56,08:12:56,09:02:51,09:26:51,11:54:40,12:31:37,16:13:20,17:45:43,19:18:06,,20:06:26,20:30:06,,
2095-05-30,Monday,26 Iyar 5855,,02:47:52,03:18:44,03:21:57,04:30:44,07:36:46,08:12:46,09:02:46,09:26:46,11:54:48,12:31:48,16:13:50,17:46:21,19:18:51,,20:07:19,20:30:51,,
2095-05-31,Tuesday,27 Iyar 5855,,02:47:04,03:18:17,03:21:18,04:30:17,07:36:37,08:12:37,09:02:43,09:26:43,11:54:56,12:31:59,16:14:19,17:46:57,19:19:35,,20:08:10,20:31:35,,
2095-06-01,Wednesday,28 Iyar 5855,,02:46:19,03:17:52,03:20:42,04:29:52,07:36:28,08:12:28,09:02:41,09:26:41,11:55:05,12:32:11,16:14:48,17:47:33,19:20:18,,20:09:00,20:32:18,,
2095-06-02,Thursday,29 Iyar 5855,,02:45:36,03:17:28,03:20:08,04:29:28,07:36:21,08:12:21,09:02:39,09:26:39,11:55:14,12:32:23,16:15:16,17:48:08,19:21:00,,20:09:48,20:33:00,,
2095-06-03,Friday,1 Sivan 5855,,02:44:56,03:17:07,03:19:36,04:29:07,07:36:15,08:12:15,09:02:38,09:26:38,11:55:24,12:32:35,16:15:44,17:48:42,19:21:41,19:03:41,20:10:35,20:33:41,,
2095-06-04,Saturday,2 Sivan 5855,,02:44:19,03:16:47,03:19:07,04:28:47,07:36:11,08:12:11,09:02:38,09:26:38,11:55:34,12:32:48,16:16:11,17:49:16,19:22:20,,20:11:20,20:34:20,20:11:20,20:34:20
2095-06-05,Sunday,3 Sivan 5855,,02:43:44,03:16:30,03:18:40,04:28:30,07:36:07,08:12:07,09:02:39,09:26:39,11:55:44,12:33:00,16:16:37,17:49:48,19:22:58,,20:12:04,20:34:58,,
2095-06-06,Monday,4 Sivan 5855,,02:43:12,03:16:14,03:18:15,04:28:14,07:36:05,08:12:05,09:02:41,09:26:41,11:55:55,12:33:13,16:17:03,17:50:19,19:23:35,,20:12:46,20:35:35,,
2095-06-07,Tuesday,5 Sivan 5855,erev shavuos,02:42:43,03:16:01,03:17:53,04:28:01,07:36:03,08:12:03,09:02:44,09:26:44,11:56:06,12:33:26,16:17:28,17:50:49,19:24:10,19:06:10,20:13:26,20:36:10,,
2095-06-08,Wednesday,6 Sivan 5855,shavuos,02:42:17,03:15:49,03:17:34,04:27:49,07:36:03,08:12:03,09:02:48,09:26:48,11:56:17,12:33:39,16:17:53,17:51:19,19:24:44,after 20:14:05,20:14:05,20:36:44,,
2095-06-09,Thursday,7 Sivan 5855,shavuos,02:41:54,03:15:39,03:17:17,04:27:39,07:36:04,08:12:04,09:02:52,09:26:52,11:56:28,12:33:52,16:18:16,17:51:47,19:25:17,,20:14:41,20:37:17,20:14:41,20:37:17
2095-06-10,Friday,8 Sivan 5855,,02:41:33,03:15:32,03:17:02,04:27:32,07:36:06,08:12:06,09:02:57,09:26:57,11:56:40,12:34:05,16:18:39,17:52:13,19:25:48,19:07:48,20:15:16,20:37:48,,
2095-06-11,Saturday,9 Sivan 5855,,02:41:16,03:15:26,03:16:50,04:27:26,07:36:09,08:12:09,09:03:03,09:27:03,11:56:51,12:34:19,16:19:01,17:52:39,19:26:17,,20:15:49,20:38:17,20:15:49,20:38:17
2095-06-12,Sunday,10 Sivan 5855,,02:41:02,03:15:22,03:16:40,04:27:22,07:36:13,08:12:13,09:03:10,09:27:10,11:57:03,12:34:32,16:19:22,17:53:04,19:26:45,,20:16:20,20:38:45,,
2095-06-13,Monday,11 Sivan 5855,,02:40:50,03:15:20,03:16:33,04:27:20,07:36:18,08:12:18,09:03:17,09:27:17,11:57:15,12:34:45,16:19:43,17:53:27,19:27:11,,20:16:49,20:39:11,,
2095-06-14,Tuesday,12 Sivan 5855,,02:40:42,03:15:20,03:16:29,04:27:20,07:36:24,08:12:24,09:03:25,09:27:25,11:57:28,12:34:58,16:20:02,17:53:49,19:27:35,,20:17:16,20:39:35,,
2095-06-15,Wednesday,13 Sivan 5855,,02:40:36,03:15:22,03:16:26,04:27:22,07:36:31,08:12:31,09:03:34,09:27:34,11:57:40,12:35:11,16:20:21,17:54:09,19:27:58,,20:17:41,20:39:58,,
2095-06-16,Thursday,14 Sivan 5855,,02:40:34,03:15:25,03:16:27,04:27:25,07:36:39,08:12:39,09:03:43,09:27:43,11:57:52,12:35:25,16:20:38,17:54:29,19:28:19,,20:18:04,20:40:19,,
2095-06-17,Friday,15 Sivan 5855,,02:40:34,03:15:31,03:16:30,04:27:31,07:36:48,08:12:48,09:03:54,09:27:54,11:58:05,12:35:38,16:20:55,17:54:47,19:28:39,19:10:39,20:18:25,20:40:39,,
2095-06-18,Saturday,16 Sivan 5855,,02:40:38,03:15:38,03:16:35,04:27:38,07:36:58,08:12:58,09:04:04,09:28:04,11:58:17,12:35:51,16:21:10,17:55:03,19:28:56,,20:18:43,20:40:56,20:18:43,20:40:56
2095-06-19,Sunday,17 Sivan 5855,,02:40:44,03:15:48,03:16:43,04:27:48,07:37:09,08:13:09,09:04:16,09:28:16,11:58:30,12:36:03,16:21:25,17:55:18,19:29:12,,20:19:00,20:41:12,,
2095-06-20,Monday,18 Sivan 5855,,02:40:54,03:15:59,03:16:53,04:27:59,07:37:21,08:13:21,09:04:28,09:28:28,11:58:42,12:36:16,16:21:38,17:55:32,19:29:26,,20:19:14,20:41:26,,
2095-06-21,Tuesday,19 Sivan 5855,,02:41:06,03:16:12,03:17:06,04:28:12,07:37:33,08:13:33,09:04:41,09:28:41,11:58:55,12:36:29,16:21:50,17:55:44,19:29:38,,20:19:26,20:41:38,,
2095-06-22,Wednesday,20 Sivan 5855,,02:41:22,03:16:26,03:17:21,04:28:26,07:37:47,08:13:47,09:04:54,09:28:54,11:59:07,12:36:41,16:22:02,17:55:55,19:29:49,,20:19:35,20:41:49,,
2095-06-23,Thursday,21 Sivan 5855,,02:41:40,03:16:43,03:17:38,04:28:43,07:38:01,08:14:01,09:05:07,09:29:07,11:59:20,12:36:53,16:22:12,17:56:04,19:29:57,,20:19:43,20:41:57,,
2095-06-24,Friday,22 Sivan 5855,,02:42:01,03:17:01,03:17:58,04:29:01,07:38:16,08:14:16,09:05:22,09:29:22,11:59:32,12:37:05,16:22:21,17:56:12,19:30:04,19:12:04,20:19:48,20:42:04,,
2095-06-25,Saturday,23 Sivan 5855,,02:42:25,03:17:20,03:18:20,04:29:20,07:38:32,08:14:32,09:05:36,09:29:36,11:59:44,12:37:16,16:22:28,17:56:18,19:30:08,,20:19:51,20:42:08,20:19:51,20:42:08
2095-06-26,Sunday,24 Sivan 5855,,02:42:52,03:17:42,03:18:44,04:29:42,07:38:49,08:14:49,09:05:51,09:29:51,11:59:56,12:37:28,16:22:35,17:56:23,19:30:11,,20:19:51,20:42:11,,
2095-06-27,Monday,25 Sivan 5855,,02:43:22,03:18:05,03:19:11,04:30:05,07:39:07,08:15:07,09:06:07,09:30:07,12:00:08,12:37:39,16:22:40,17:56:26,19:30:12,,20:19:49,20:42:12,,
2095-06-28,Tuesday,26 Sivan 5855,,02:43:54,03:18:29,03:19:40,04:30:29,07:39:25,08:15:25,09:06:23,09:30:23,12:00:20,12:37:49,16:22:44,17:56:27,19:30:11,,20:19:45,20:42:11,,
2095-06-29,Wednesday,27 Sivan 5855,,02:44:29,03:18:56,03:20:11,04:30:56,07:39:43,08:15:43,09:06:39,09:30:39,12:00:31,12:37:59,16:22:47,17:56:27,19:30:07,,20:19:38,20:42:07,,
2095-06-30,Thursday,28 Sivan 5855,,02:45:06,03:19:23,03:20:44,04:31:23,07:40:03,08:16:03,09:06:56,09:30:56,12:00:43,12:38:09,16:22:49,17:56:26,19:30:02,,20:19:29,20:42:02,,
2095-07-01,Friday,29 Sivan 5855,,02:45:46,03:19:52,03:21:19,04:31:52,07:40:23,08:16:23,09:07:13,09:31:13,12:00:54,12:38:19,16:22:49,17:56:22,19:29:55,19:11:55,20:19:18,20:41:55,,
2095-07-02,Saturday,30 Sivan 5855,,02:46:29,03:20:23,03:21:56,04:32:23,07:40:44,08:16:44,09:07:31,09:31:31,12:01:04,12:38:28,16:22:49,17:56:17,19:29:46,,20:19:05,20:41:46,20:19:05,20:41:46
2095-07-03,Sunday,1 Tammuz 5855,,02:47:14,03:20:55,03:22:35,04:32:55,07:41:05,08:17:05,09:07:48,09:31:48,12:01:15,12:38:36,16:22:46,17:56:11,19:29:35,,20:18:49,20:41:35,,
2095-07-04,Monday,2 Tammuz 5855,,02:48:01,03:21:28,03:23:16,04:33:28,07:41:27,08:17:27,09:08:06,09:32:06,12:01:25,12:38:45,16:22:43,17:56:02,19:29:21,,20:18:30,20:41:21,,
2095-07-05,Tuesday,3 Tammuz 5855,,02:48:51,03:22:03,03:23:58,04:34:03,07:41:49,08:17:49,09:08:24,09:32:24,12:01:35,12:38:52,16:22:38,17:55:52,19:29:06,,20:18:10,20:41:06,,
2095-07-06,Wednesday,4 Tammuz 5855,,02:49:42,03:22:39,03:24:43,04:34:39,07:42:12,08:18:12,09:08:43,09:32:43,12:01:44,12:39:00,16:22:32,17:55:41,19:28:49,,20:17:47,20:40:49,,
2095-07-07,Thursday,5 Tammuz 5855,,02:50:36,03:23:16,03:25:29,04:35:16,07:42:35,08:18:35,09:09:01,09:33:01,12:01:53,12:39:06,16:22:25,17:55:27,19:28:30,,20:17:22,20:40:30,,
2095-07-08,Friday,6 Tammuz 5855,,02:51:32,03:23:55,03:26:17,04:35:55,07:42:58,08:18:58,09:09:20,09:33:20,12:02:02,12:39:13,16:22:16,17:55:13,19:28:09,19:10:09,20:16:55,20:40:09,,
2095-07-09,Saturday,7 Tammuz 5855,,02:52:29,03:24:35,03:27:07,04:36:35,07:43:22,08:19:22,09:09:38,09:33:38,12:02:10,12:39:18,16:22:06,17:54:56,19:27:46,,20:16:25,20:39:46,20:16:25,20:39:46
2095-07-10,Sunday,8 Tammuz 5855,,02:53:29,03:25:15,03:27:58,04:37:15,07:43:47,08:19:47,09:09:57,09:33:57,12:02:18,12:39:23,16:21:55,17:54:38,19:27:21,,20:15:53,20:39:21,,
2095-07-11,Monday,9 Tammuz 5855,,02:54:30,03:25:57,03:28:50,04:37:57,07:44:11,08:20:11,09:10:16,09:34:16,12:02:26,12:39:28,16:21:42,17:54:18,19:26:54,,20:15:19,20:38:54,,
2095-07-12,Tuesday,10 Tammuz 5855,,02:55:33,03:26:40,03:29:44,04:38:40,07:44:36,08:20:36,09:10:35,09:34:35,12:02:33,12:39:32,16:21:28,17:53:56,19:26:25,,20:14:43,20:38:25,,
2095-07-13,Wednesday,11 Tammuz 5855,,02:56:38,03:27:24,03:30:40,04:39:24,07:45:02,08:21:02,09:10:54,09:34:54,12:02:39,12:39:35,16:21:13,17:53:33,19:25:54,,20:14:04,20:37:54,,
2095-07-14,Thursday,12 Tammuz 5855,,02:57:44,03:28:09,03:31:36,04:40:09,07:45:27,08:21:27,09:11:13,09:35:13,12:02:45,12:39:38,16:20:56,17:53:09,19:25:21,,20:13:24,20:37:21,,
2095-07-15,Friday,13 Tammuz 5855,,02:58:51,03:28:55,03:32:34,04:40:55,07:45:53,08:21:53,09:11:32,09:35:32,12:02:51,12:39:40,16:20:38,17:52:42,19:24:47,19:06:47,20:12:41,20:36:47,,
2095-07-16,Saturday,14 Tammuz 5855,,03:00:00,03:29:41,03:33:33,04:41:41,07:46:18,08:22:18,09:11:51,09:35:51,12:02:56,12:39:42,16:20:19,17:52:14,19:24:10,,20:11:57,20:36:10,20:11:57,20:36:10
2095-07-17,Sunday,15 Tammuz 5855,,03:01:11,03:30:29,03:34:34,04:42:29,07:46:44,08:22:44,09:12:10,09:36:10,12:03:00,12:39:43,16:19:58,17:51:45,19:23:31,,20:11:10,20:35:31,,
2095-07-18,Monday,16 Tammuz 5855,,03:02:22,03:31:17,03:35:35,04:43:17,07:47:11,08:23:11,09:12:28,09:36:28,12:03:04,12:39:43,16:19:37,17:51:14,19:22:51,,20:10:21,20:34:51,,
2095-07-19,Tuesday,17 Tammuz 5855,seventeen of tammuz,03:03:35,03:32:06,03:36:37,04:44:06,07:47:37,08:23:37,09:12:47,09:36:47,12:03:08,12:39:43,16:19:13,17:50:41,19:22:09,,20:09:30,20:34:09,,
2095-07-20,Wednesday,18 Tammuz 5855,,03:04:48,03:32:56,03:37:40,04:44:56,07:48:03,08:24:03,09:13:06,09:37:06,12:03:10,12:39:42,16:18:49,17:50:07,19:21:25,,20:08:38,20:33:25,,
2095-07-21,Thursday,19 Tammuz 5855,,03:06:03,03:33:46,03:38:44,04:45:46,07:48:30,08:24:30,09:13:24,09:37:24,12:03:13,12:39:40,16:18:23,17:49:31,19:20:39,,20:07:43,20:32:39,,
2095-07-22,Friday,20 Tammuz 5855,,03:07:18,03:34:37,03:39:49,04:46:37,07:48:56,08:24:56,09:13:42,09:37:42,12:03:15,12:39:38,16:17:56,17:48:54,19:19:52,19:01:52,20:06:47,20:31:52,,
2095-07-23,Saturday,21 Tammuz 5855,,03:08:34,03:35:29,03:40:54,04:47:29,07:49:22,08:25:22,09:14:00,09:38:00,12:03:16,12:39:35,16:17:28,17:48:15,19:19:03,,20:05:48,20:31:03,20:05:48,20:31:03
2095-07-24,Sunday,22 Tammuz 5855,,03:09:51,03:36:21,03:42:01,04:48:21,07:49:49,08:25:49,09:14:18,09:38:18,12:03:16,12:39:31,16:16:59,17:47:35,19:18:12,,20:04:48,20:30:12,,
2095-07-25,Monday,23 Tammuz 5855,,03:11:09,03:37:14,03:43:08,04:49:14,07:50:15,08:26:15,09:14:36,09:38:36,12:03:16,12:39:27,16:16:28,17:46:53,19:17:19,,20:03:47,20:29:19,,
2095-07-26,Tuesday,24 Tammuz 5855,,03:12:27,03:38:07,03:44:15,04:50:07,07:50:42,08:26:42,09:14:53,09:38:53,12:03:16,12:39:22,16:15:56,17:46:10,19:16:25,,20:02:43,20:28:25,,
2095-07-27,Wednesday,25 Tammuz 5855,,03:13:46,03:39:01,03:45:23,04:51:01,07:51:08,08:27:08,09:15:10,09:39:10,12:03:15,12:39:16,16:15:23,17:45:26,19:15:29,,20:01:38,20:27:29,,
2095-07-28,Thursday,26 Tammuz 5855,,03:15:05,03:39:55,03:46:31,04:51:55,07:51:34,08:27:34,09:15:27,09:39:27,12:03:13,12:39:09,16:14:48,17:44:40,19:14:31,,20:00:31,20:26:31,,
2095-07-29,Friday,27 Tammuz 5855,,03:16:25,03:40:49,03:47:40,04:52:49,07:52:00,08:28:00,09:15:44,09:39:44,12:03:11,12:39:02,16:14:13,17:43:52,19:13:32,18:55:32,19:59:23,20:25:32,,
2095-07-30,Saturday,28 Tammuz 5855,,03:17:45,03:41:44,03:48:50,04:53:44,07:52:26,08:28:26,09:16:00,09:40:00,12:03:08,12:38:55,16:13:36,17:43:04,19:12:31,,19:58:13,20:24:31,19:58:13,20:24:31
2095-07-31,Sunday,29 Tammuz 5855,,03:19:05,03:42:40,03:49:59,04:54:40,07:52:52,08:28:52,09:16:16,09:40:16,12:03:04,12:38:46,16:12:59,17:42:14,19:11:29,,19:57:01,20:23:29,,
2095-08-01,Monday,1 Av 5855,,03:20:26,03:43:35,03:51:09,04:55:35,07:53:18,08:29:18,09:16:32,09:40:32,12:03:00,12:38:37,16:12:20,17:41:22,19:10:25,,19:55:48,20:22:25,,
2095-08-02,Tuesday,2 Av 5855,,03:21:46,03:44:31,03:52:19,04:56:31,07:53:43,08:29:43,09:16:47,09:40:47,12:02:55,12:38:27,16:11:40,17:40:30,19:09:20,,19:54:33,20:21:20,,
2095-08-03,Wednesday,3 Av 5855,,03:23:07,03:45:27,03:53:29,04:57:27,07:54:08,08:30:08,09:17:02,09:41:02,12:02:50,12:38:17,16:10:58,17:39:36,19:08:13,,19:53:18,20:20:13,,
2095-08-04,Thursday,4 Av 5855,,03:24:28,03:46:23,03:54:40,04:58:23,07:54:34,08:30:34,09:17:17,09:41:17,12:02:44,12:38:06,16:10:16,17:38:41,19:07:05,,19:52:00,20:19:05,,
2095-08-05,Friday,5 Av 5855,,03:25:49,03:47:19,03:55:51,04:59:19,07:54:59,08:30:59,09:17:32,09:41:32,12:02:38,12:37:54,16:09:33,17:37:44,19:05:56,18:47:56,19:50:42,20:17:56,,
2095-08-06,Saturday,6 Av 5855,,03:27:10,03:48:16,03:57:01,05:00:16,07:55:23,08:31:23,09:17:46,09:41:46,12:02:30,12:37:42,16:08:49,17:36:47,19:04:45,,19:49:22,20:16:45,19:49:22,20:16:45
2095-08-07,Sunday,7 Av 5855,,03:28:31,03:49:13,03:58:12,05:01:13,07:55:48,08:31:48,09:17:59,09:41:59,12:02:23,12:37:29,16:08:04,17:35:48,19:03:33,,19:48:01,20:15:33,,
2095-08-08,Monday,8 Av 5855,,03:29:52,03:50:10,03:59:23,05:02:10,07:56:12,08:32:12,09:18:13,09:42:13,12:02:14,12:37:15,16:07:17,17:34:48,19:02:19,,19:46:38,20:14:19,,
2095-08-09,Tuesday,9 Av 5855,tisha beav,03:31:13,03:51:07,04:00:34,05:03:07,07:56:36,08:32:36,09:18:26,09:42:26,12:02:06,12:37:01,16:06:30,17:33:47,19:01:05,,19:45:15,20:13:05,,
2095-08-10,Wednesday,10 Av 5855,,03:32:33,03:52:04,04:01:44,05:04:04,07:57:00,08:33:00,09:18:39,09:42:39,12:01:56,12:36:46,16:05:42,17:32:45,18:59:49,,19:43:50,20:11:49,,
2095-08-11,Thursday,11 Av 5855,,03:33:53,03:53:01,04:02:55,05:05:01,07:57:24,08:33:24,09:18:51,09:42:51,12:01:46,12:36:30,16:04:53,17:31:42,18:58:32,,19:42:24,20:10:32,,
2095-08-12,Friday,12 Av 5855,,03:35:13,03:53:58,04:04:05,05:05:58,07:57:47,08:33:47,09:19:03,09:43:03,12:01:36,12:36:14,16:04:03,17:30:38,18:57:13,18:39:13,19:40:57,20:09:13,,
2095-08-13,Saturday,13 Av 5855,,03:36:33,03:54:55,04:05:16,05:06:55,07:58:10,08:34:10,09:19:15,09:43:15,12:01:25,12:35:57,16:03:12,17:29:33,18:55:54,,19:39:30,20:07:54,19:39:30,20:07:54
2095-08-14,Sunday,14 Av 5855,,03:37:53,03:55:53,04:06:26,05:07:53,07:58:33,08:34:33,09:19:26,09:43:26,12:01:13,12:35:40,16:02:20,17:28:27,18:54:33,,19:38:01,20:06:33,,
2095-08-15,Monday,15 Av 5855,tu beav,03:39:12,03:56:50,04:07:36,05:08:50,07:58:56,08:34:56,09:19:37,09:43:37,12:01:01,12:35:22,16:01:27,17:27:20,18:53:12,,19:36:31,20:05:12,,
2095-08-16,Tuesday,16 Av 5855,,03:40:31,03:57:47,04:08:46,05:09:47,07:59:18,08:35:18,09:19:48,09:43:48,12:00:48,12:35:03,16:00:34,17:26:12,18:51:49,,19:35:00,20:03:49,,
2095-08-17,Wednesday,17 Av 5855,,03:41:50,03:58:45,04:09:56,05:10:45,07:59:40,08:35:40,09:19:58,09:43:58,12:00:35,12:34:44,15:59:40,17:25:03,18:50:26,,19:33:29,20:02:26,,
2095-08-18,Thursday,18 Av 5855,,03:43:08,03:59:42,04:11:06,05:11:42,08:00:02,08:36:02,09:20:08,09:44:08,12:00:22,12:34:25,15:58:45,17:23:53,18:49:01,,19:31:56,20:01:01,,
2095-08-19,Friday,19 Av 5855,,03:44:26,04:00:39,04:12:15,05:12:39,08:00:23,08:36:23,09:20:18,09:44:18,12:00:07,12:34:05,15:57:49,17:22:42,18:47:36,18:29:36,19:30:23,19:59:36,,
2095-08-20,Saturday,20 Av 5855,,03:45:43,04:01:37,04:13:24,05:13:37,08:00:45,08:36:45,09:20:27,09:44:27,11:59:53,12:33:44,15:56:52,17:21:31,18:46:09,,19:28:49,19:58:09,19:28:49,19:58:09
2095-08-21,Sunday,21 Av 5855,,03:47:00,04:02:34,04:14:33,05:14:34,08:01:06,08:37:06,09:20:36,09:44:36,11:59:38,12:33:23,15:55:55,17:20:18,18:44:42,,19:27:14,19:56:42,,
2095-08-22,Monday,22 Av 5855,,03:48:17,04:03:31,04:15:42,05:15:31,08:01:27,08:37:27,09:20:45,09:44:45,11:59:22,12:33:02,15:54:57,17:19:05,18:43:14,,19:25:39,19:55:14,,
2095-08-23,Tuesday,23 Av 5855,,03:49:33,04:04:28,04:16:50,05:16:28,08:01:47,08:37:47,09:20:54,09:44:54,11:59:06,12:32:40,15:53:59,17:17:52,18:41:45,,19:24:03,19:53:45,,
2095-08-24,Wednesday,24 Av 5855,,03:50:49,04:05:25,04:17:58,05:17:25,08:02:08,08:38:08,09:21:02,09:45:02,11:58:50,12:32:17,15:53:00,17:16:37,18:40:15,,19:22:26,19:52:15,,
2095-08-25,Thursday,25 Av 5855,,03:52:04,04:06:22,04:19:06,05:18:22,08:02:28,08:38:28,09:21:10,09:45:10,11:58:33,12:31:54,15:52:00,17:15:22,18:38:44,,19:20:49,19:50:44,,
2095-08-26,Friday,26 Av 5855,,03:53:19,04:07:19,04:20:13,05:19:19,08:02:48,08:38:48,09:21:17,09:45:17,11:58:16,12:31:31,15:50:59,17:14:06,18:37:13,18:19:13,19:19:11,19:49:13,,
2095-08-27,Saturday,27 Av 5855,,03:54:33,04:08:16,04:21:20,05:20:16,08:03:07,08:39:07,09:21:24,09:45:24,11:57:59,12:31:07,15:49:58,17:12:50,18:35:41,,19:17:32,19:47:41,19:17:32,19:47:41
2095-08-28,Sunday,28 Av 5855,,03:55:47,04:09:13,04:22:27,05:21:13,08:03:27,08:39:27,09:21:32,09:45:32,11:57:41,12:30:43,15:48:57,17:11:33,18:34:09,,19:15:54,19:46:09,,
2095-08-29,Monday,29 Av 5855,,03:57:00,04:10:10,04:23:33,05:22:10,08:03:46,08:39:46,09:21:38,09:45:38,11:57:23,12:30:19,15:47:55,17:10:15,18:32:35,,19:14:14,19:44:35,,
2095-08-30,Tuesday,30 Av 5855,,03:58:13,04:11:07,04:24:40,05:23:07,08:04:05,08:40:05,09:21:45,09:45:45,11:57:04,12:29:54,15:46:53,17:08:57,18:31:02,,19:12:34,19:43:02,,
2095-08-31,Wednesday,1 Elul 5855,,03:59:25,04:12:03,04:25:45,05:24:03,08:04:24,08:40:24,09:21:51,09:45:51,11:56:45,12:29:29,15:45:50,17:07:38,18:29:27,,19:10:54,19:41:27,,
2095-09-01,Thursday,2 Elul 5855,,04:00:37,04:13:00,04:26:51,05:25:00,08:04:43,08:40:43,09:21:57,09:45:57,11:56:26,12:29:03,15:44:46,17:06:19,18:27:52,,19:09:14,19:39:52,,
2095-09-02,Friday,3 Elul 5855,,04:01:49,04:13:57,04:27:56,05:25:57,08:05:02,08:41:02,09:22:03,09:46:03,11:56:07,12:28:37,15:43:42,17:05:00,18:26:17,18:08:17,19:07:33,19:38:17,,
2095-09-03,Saturday,4 Elul 5855,,04:03:00,04:14:53,04:29:01,05:26:53,08:05:20,08:41:20,09:22:09,09:46:09,11:55:47,12:28:11,15:42:38,17:03:39,18:24:41,,19:05:52,19:36:41,19:05:52,19:36:41
2095-09-04,Sunday,5 Elul 5855,,04:04:10,04:15:50,04:30:06,05:27:50,08:05:38,08:41:38,09:22:15,09:46:15,11:55:27,12:27:45,15:41:34,17:02:19,18:23:04,,19:04:10,19:35:04,,
2095-09-05,Monday,6 Elul 5855,,04:05:20,04:16:46,04:31:10,05:28:46,08:05:57,08:41:57,09:22:20,09:46:20,11:55:07,12:27:19,15:40:29,17:00:58,18:21:27,,19:02:29,19:33:27,,
2095-09-06,Tuesday,7 Elul 5855,,04:06:30,04:17:43,04:32:14,05:29:43,08:06:15,08:42:15,09:22:25,09:46:25,11:54:46,12:26:52,15:39:24,16:59:37,18:19:50,,19:00:47,19:31:50,,
2095-09-07,Wednesday,8 Elul 5855,,04:07:39,04:18:39,04:33:18,05:30:39,08:06:33,08:42:33,09:22:30,09:46:30,11:54:26,12:26:25,15:38:18,16:58:15,18:18:13,,18:59:05,19:30:13,,
2095-09-08,Thursday,9 Elul 5855,,04:08:48,04:19:36,04:34:21,05:31:36,08:06:50,08:42:50,09:22:35,09:46:35,11:54:05,12:25:58,15:37:12,16:56:53,18:16:35,,18:57:22,19:28:35,,
2095-09-09,Friday,10 Elul 5855,,04:09:56,04:20:32,04:35:24,05:32:32,08:07:08,08:43:08,09:22:40,09:46:40,11:53:44,12:25:30,15:36:06,16:55:31,18:14:56,17:56:56,18:55:40,19:26:56,,
2095-09-10,Saturday,11 Elul 5855,,04:11:04,04:21:29,04:36:27,05:33:29,08:07:26,08:43:26,09:22:45,09:46:45,11:53:23,12:25:03,15:35:00,16:54:09,18:13:18,,18:53:58,19:25:18,18:53:58,19:25:18
2095-09-11,Sunday,12 Elul 5855,,04:12:11,04:22:25,04:37:30,05:34:25,08:07:44,08:43:44,09:22:50,09:46:50,11:53:02,12:24:35,15:33:54,16:52:46,18:11:39,,18:52:15,19:23:39,,
2095-09-12,Monday,13 Elul 5855,,04:13:18,04:23:22,04:38:32,05:35:22,08:08:01,08:44:01,09:22:54,09:46:54,11:52:41,12:24:07,15:32:47,16:51:23,18:10:00,,18:50:33,19:22:00,,
2095-09-13,Tuesday,14 Elul 5855,,04:14:24,04:24:18,04:39:34,05:36:18,08:08:19,08:44:19,09:22:59,09:46:59,11:52:19,12:23:40,15:31:40,16:50:00,18:08:21,,18:48:50,19:20:21,,
2095-09-14,Wednesday,15 Elul 5855,,04:15:30,04:25:15,04:40:36,05:37:15,08:08:36,08:44:36,09:23:04,09:47:04,11:51:58,12:23:12,15:30:33,16:48:37,18:06:41,,18:47:08,19:18:41,,
2095-09-15,Thursday,16 Elul 5855,,04:16:36,04:26:11,04:41:38,05:38:11,08:08:54,08:44:54,09:23:08,09:47:08,11:51:37,12:22:44,15:29:26,16:47:14,18:05:02,,18:45:25,19:17:02,,
2095-09-16,Friday,17 Elul 5855,,04:17:41,04:27:08,04:42:39,05:39:08,08:09:12,08:45:12,09:23:13,09:47:13,11:51:15,12:22:16,15:28:19,16:45:51,18:03:22,17:45:22,18:43:43,19:15:22,,
2095-09-17,Saturday,18 Elul 5855,,04:18:46,04:28:05,04:43:40,05:40:05,08:09:29,08:45:29,09:23:17,09:47:17,11:50:54,12:21:48,15:27:12,16:44:27,18:01:42,,18:42:01,19:13:42,18:42:01,19:13:42
2095-09-18,Sunday,19 Elul 5855,,04:19:51,04:29:02,04:44:41,05:41:02,08:09:47,08:45:47,09:23:22,09:47:22,11:50:32,12:21:20,15:26:05,16:43:04,18:00:03,,18:40:19,19:12:03,,
2095-09-19,Monday,20 Elul 5855,,04:20:55,04:29:58,04:45:42,05:41:58,08:10:05,08:46:05,09:23:27,09:47:27,11:50:11,12:20:52,15:24:58,16:41:40,17:58:23,,18:38:37,19:10:23,,
2095-09-20,Tuesday,21 Elul 5855,,04:21:59,04:30:55,04:46:42,05:42:55,08:10:22,08:46:22,09:23:31,09:47:31,11:49:49,12:20:24,15:23:51,16:40:17,17:56:43,,18:36:55,19:08:43,,
2095-09-21,Wednesday,22 Elul 5855,,04:23:03,04:31:53,04:47:43,05:43:53,08:10:40,08:46:40,09:23:36,09:47:36,11:49:28,12:19:56,15:22:44,16:38:53,17:55:03,,18:35:13,19:07:03,,
2095-09-22,Thursday,23 Elul 5855,,04:24:06,04:32:50,04:48:43,05:44:50,08:10:58,08:46:58,09:23:41,09:47:41,11:49:07,12:19:28,15:21:37,16:37:30,17:53:24,,18:33:32,19:05:24,,
2095-09-23,Friday,24 Elul 5855,,04:25:09,04:33:47,04:49:43,05:45:47,08:11:16,08:47:16,09:23:46,09:47:46,11:48:46,12:19:00,15:20:30,16:36:07,17:51:44,17:33:44,18:31:51,19:03:44,,
2095-09-24,Saturday,25 Elul 5855,,04:26:12,04:34:45,04:50:43,05:46:45,08:11:35,08:47:35,09:23:51,09:47:51,11:48:25,12:18:33,15:19:23,16:34:44,17:50:04,,18:30:11,19:02:04,18:30:11,19:02:04
2095-09-25,Sunday,26 Elul 5855,,04:27:14,04:35:42,04:51:43,05:47:42,08:11:53,08:47:53,09:23:57,09:47:57,11:48:04,12:18:05,15:18:16,16:33:21,17:48:25,,18:28:30,19:00:25,,
2095-09-26,Monday,27 Elul 5855,,04:28:16,04:36:40,04:52:43,05:48:40,08:12:12,08:48:12,09:24:02,09:48:02,11:47:43,12:17:38,15:17:10,16:31:58,17:46:46,,18:26:51,18:58:46,,
2095-09-27,Tuesday,28 Elul 5855,,04:29:18,04:37:38,04:53:42,05:49:38,08:12:30,08:48:30,09:24:08,09:48:08,11:47:23,12:17:11,15:16:04,16:30:35,17:45:07,,18:25:11,18:57:07,,
2095-09-28,Wednesday,29 Elul 5855,erev rosh hashana,04:30:20,04:38:36,04:54:42,05:50:36,08:12:49,08:48:49,09:24:14,09:48:14,11:47:02,12:16:44,15:14:58,16:29:13,17:43:28,17:25:28,18:23:32,18:55:28,,
2095-09-29,Thursday,1 Tishrei 5856,rosh hashana,04:31:21,04:39:35,04:55:41,05:51:35,08:13:08,08:49:08,09:24:20,09:48:20,11:46:42,12:16:18,15:13:52,16:27:51,17:41:50,after 18:21:53,18:21:53,18:53:50,,
2095-09-30,Friday,2 Tishrei 5856,rosh hashana,04:32:23,04:40:33,04:56:41,05:52:33,08:13:28,08:49:28,09:24:26,09:48:26,11:46:23,12:15:52,15:12:46,16:26:29,17:40:12,17:22:12,18:20:15,18:52:12,,
2095-10-01,Saturday,3 Tishrei 5856,,04:33:24,04:41:32,04:57:40,05:53:32,08:13:47,08:49:47,09:24:33,09:48:33,11:46:03,12:15:26,15:11:41,16:25:08,17:38:34,,18:18:38,18:50:34,18:18:38,18:50:34
2095-10-02,Sunday,4 Tishrei 5856,tzom gedalyah,04:34:25,04:42:31,04:58:39,05:54:31,08:14:07,08:50:07,09:24:40,09:48:40,11:45:44,12:15:00,15:10:36,16:23:47,17:36:57,,18:17:01,18:48:57,,
2095-10-03,Monday,5 Tishrei 5856,,04:35:26,04:43:30,04:59:39,05:55:30,08:14:28,08:50:28,09:24:47,09:48:47,11:45:25,12:14:35,15:09:32,16:22:26,17:35:20,,18:15:24,18:47:20,,
2095-10-04,Tuesday,6 Tishrei 5856,,04:36:26,04:44:30,05:00:38,05:56:30,08:14:48,08:50:48,09:24:54,09:48:54,11:45:06,12:14:09,15:08:28,16:21:06,17:33:43,,18:13:49,18:45:43,,
2095-10-05,Wednesday,7 Tishrei 5856,,04:37:27,04:45:29,05:01:37,05:57:29,08:15:09,08:51:09,09:25:02,09:49:02,11:44:48,12:13:45,15:07:24,16:19:46,17:32:07,,18:12:13,18:44:07,,
2095-10-06,Thursday,8 Tishrei 5856,,04:38:27,04:46:29,05:02:36,05:58:29,08:15:30,08:51:30,09:25:10,09:49:10,11:44:30,12:13:21,15:06:21,16:18:26,17:30:31,,18:10:39,18:42:31,,
2095-10-07,Friday,9 Tishrei 5856,erev yom kippur,04:39:27,04:47:30,05:03:36,05:59:30,08:15:51,08:51:51,09:25:19,09:49:19,11:44:13,12:12:57,15:05:18,16:17:07,17:28:56,17:10:56,18:09:05,18:40:56,,
2095-10-08,Saturday,10 Tishrei 5856,yom kippur,04:40:28,04:48:30,05:04:35,06:00:30,08:16:13,08:52:13,09:25:28,09:49:28,11:43:56,12:12:33,15:04:16,16:15:49,17:27:22,,18:07:32,18:39:22,18:07:32,18:39:22
2095-10-09,Sunday,11 Tishrei 5856,,04:41:28,04:49:31,05:05:34,06:01:31,08:16:35,08:52:35,09:25:37,09:49:37,11:43:40,12:12:10,15:03:14,16:14:31,17:25:48,,18:06:00,18:37:48,,
2095-10-10,Monday,12 Tishrei 5856,,04:42:28,04:50:32,05:06:34,06:02:32,08:16:58,08:52:58,09:25:46,09:49:46,11:43:23,12:11:48,15:02:13,16:13:14,17:24:14,,18:04:28,18:36:14,,
2095-10-11,Tuesday,13 Tishrei 5856,,04:43:28,04:51:34,05:07:33,06:03:34,08:17:21,08:53:21,09:25:57,09:49:57,11:43:08,12:11:26,15:01:13,16:11:57,17:22:42,,18:02:58,18:34:42,,
2095-10-12,Wednesday,14 Tishrei 5856,erev succos,04:44:28,04:52:36,05:08:33,06:04:36,08:17:44,08:53:44,09:26:07,09:50:07,11:42:53,12:11:04,15:00:13,16:10:41,17:21:10,17:03:10,18:01:28,18:33:10,,
2095-10-13,Thursday,15 Tishrei 5856,succos,04:45:28,04:53:38,05:09:32,06:05:38,08:18:08,08:54:08,09:26:18,09:50:18,11:42:38,12:10:43,14:59:13,16:09:26,17:19:38,after 17:59:59,17:59:59,18:31:38,,
2095-10-14,Friday,16 Tishrei 5856,succos,04:46:27,04:54:40,05:10:32,06:06:40,08:18:32,08:54:32,09:26:29,09:50:29,11:42:24,12:10:23,14:58:15,16:08:11,17:18:08,17:00:08,17:58:31,18:30:08,,
2095-10-15,Saturday,17 Tishrei 5856,chol hamoed succos,04:47:27,04:55:43,05:11:32,06:07:43,08:18:57,08:54:57,09:26:41,09:50:41,11:42:11,12:10:03,14:57:17,16:06:57,17:16:38,,17:57:04,18:28:38,17:57:04,18:28:38
2095-10-16,Sunday,18 Tishrei 5856,chol hamoed succos,04:48:27,04:56:46,05:12:31,06:08:46,08:19:22,08:55:22,09:26:54,09:50:54,11:41:58,12:09:44,14:56:19,16:05:44,17:15:09,,17:55:38,18:27:09,,
2095-10-17,Monday,19 Tishrei 5856,chol hamoed succos,04:49:27,04:57:50,05:13:31,06:09:50,08:19:47,08:55:47,09:27:07,09:51:07,11:41:45,12:09:25,14:55:23,16:04:32,17:13:41,,17:54:13,18:25:41,,
2095-10-18,Tuesday,20 Tishrei 5856,chol hamoed succos,04:50:27,04:58:53,05:14:31,06:10:53,08:20:13,08:56:13,09:27:20,09:51:20,11:41:34,12:09:07,14:54:27,16:03:21,17:12:14,,17:52:49,18:24:14,,
2095-10-19,Wednesday,21 Tishrei 5856,hoshana rabbah,04:51:27,04:59:57,05:15:32,06:11:57,08:20:40,08:56:40,09:27:34,09:51:34,11:41:23,12:08:50,14:53:32,16:02:10,17:10:48,16:52:48,17:51:26,18:22:48,,
2095-10-20,Thursday,22 Tishrei 5856,shemini atzeres,04:52:27,05:01:02,05:16:32,06:13:02,08:21:07,08:57:07,09:27:49,09:51:49,11:41:12,12:08:33,14:52:38,16:01:00,17:09:22,after 17:50:04,17:50:04,18:21:22,,
2095-10-21,Friday,23 Tishrei 5856,simchas torah,04:53:27,05:02:07,05:17:32,06:14:07,08:21:34,08:57:34,09:28:04,09:52:04,11:41:02,12:08:17,14:51:45,15:59:51,17:07:58,16:49:58,17:48:43,18:19:58,,
2095-10-22,Saturday,24 Tishrei 5856,,04:54:27,05:03:12,05:18:33,06:15:12,08:22:02,08:58:02,09:28:19,09:52:19,11:40:53,12:08:02,14:50:52,15:58:44,17:06:35,,17:47:24,18:18:35,17:47:24,18:18:35
2095-10-23,Sunday,25 Tishrei 5856,,04:55:27,05:04:17,05:19:34,06:16:17,08:22:31,08:58:31,09:28:36,09:52:36,11:40:45,12:07:47,14:50:01,15:57:37,17:05:13,,17:46:05,18:17:13,,
2095-10-24,Monday,26 Tishrei 5856,,04:56:27,05:05:23,05:20:35,06:17:23,08:23:00,08:59:00,09:28:52,09:52:52,11:40:37,12:07:33,14:49:11,15:56:31,17:03:51,,17:44:48,18:15:51,,
2095-10-25,Tuesday,27 Tishrei 5856,,04:57:27,05:06:29,05:21:36,06:18:29,08:23:30,08:59:30,09:29:10,09:53:10,11:40:30,12:07:20,14:48:21,15:55:26,17:02:31,,17:43:33,18:14:31,,
2095-10-26,Wednesday,28 Tishrei 5856,,04:58:27,05:07:35,05:22:37,06:19:35,08:24:00,09:00:00,09:29:28,09:53:28,11:40:24,12:07:08,14:47:32,15:54:23,17:01:13,,17:42:18,18:13:13,,
2095-10-27,Thursday,29 Tishrei 5856,,04:59:27,05:08:42,05:23:38,06:20:42,08:24:30,09:00:30,09:29:46,09:53:46,11:40:19,12:06:57,14:46:45,15:53:20,16:59:55,,17:41:05,18:11:55,,
2095-10-28,Friday,30 Tishrei 5856,,05:00:27,05:09:49,05:24:39,06:21:49,08:25:01,09:01:01,09:30:06,09:54:06,11:40:14,12:06:46,14:45:58,15:52:19,16:58:39,16:40:39,17:39:53,18:10:39,,
2095-10-29,Saturday,1 Cheshvan 5856,,05:01:28,05:10:56,05:25:41,06:22:56,08:25:33,09:01:33,09:30:25,09:54:25,11:40:10,12:06:36,14:45:13,15:51:18,16:57:24,,17:38:43,18:09:24,17:38:43,18:09:24
2095-10-30,Sunday,2 Cheshvan 5856,,05:02:28,05:12:04,05:26:42,06:24:04,08:26:05,09:02:05,09:30:46,09:54:46,11:40:07,12:06:27,14:44:29,15:50:19,16:56:10,,17:37:34,18:08:10,,
2095-10-31,Monday,3 Cheshvan 5856,,05:03:28,05:13:12,05:27:44,06:25:12,08:26:38,09:02:38,09:31:07,09:55:07,11:40:04,12:06:19,14:43:45,15:49:21,16:54:57,,17:36:26,18:06:57,,
2095-11-01,Tuesday,4 Cheshvan 5856,,05:04:29,05:14:20,05:28:46,06:26:20,08:27:11,09:03:11,09:31:29,09:55:29,11:40:03,12:06:12,14:43:03,15:48:25,16:53:46,,17:35:20,18:05:46,,
2095-11-02,Wednesday,5 Cheshvan 5856,,05:05:29,05:15:28,05:29:48,06:27:28,08:27:45,09:03:45,09:31:51,09:55:51,11:40:02,12:06:05,14:42:22,15:47:30,16:52:37,,17:34:16,18:04:37,,
2095-11-03,Thursday,6 Cheshvan 5856,,05:06:30,05:16:36,05:30:50,06:28:36,08:28:19,09:04:19,09:32:14,09:56:14,11:40:02,12:06:00,14:41:43,15:46:36,16:51:29,,17:33:13,18:03:29,,
2095-11-04,Friday,7 Cheshvan 5856,,05:07:30,05:17:45,05:31:52,06:29:45,08:28:54,09:04:54,09:32:37,09:56:37,11:40:03,12:05:55,14:41:04,15:45:43,16:50:22,16:32:22,17:32:11,18:02:22,,
2095-11-05,Saturday,8 Cheshvan 5856,,05:08:31,05:18:54,05:32:54,06:30:54,08:29:29,09:05:29,09:33:01,09:57:01,11:40:05,12:05:51,14:40:27,15:44:52,16:49:17,,17:31:11,18:01:17,17:31:11,18:01:17
2095-11-06,Sunday,9 Cheshvan 5856,,05:09:31,05:20:03,05:33:56,06:32:03,08:30:05,09:06:05,09:33:26,09:57:26,11:40:08,12:05:48,14:39:51,15:44:02,16:48:13,,17:30:13,18:00:13,,
2095-11-07,Monday,10 Cheshvan 5856,,05:10:32,05:21:12,05:34:58,06:33:12,08:30:42,09:06:42,09:33:52,09:57:52,11:40:12,12:05:46,14:39:16,15:43:14,16:47:11,,17:29:17,17:59:11,,
2095-11-08,Tuesday,11 Cheshvan 5856,,05:11:32,05:22:21,05:36:00,06:34:21,08:31:18,09:07:18,09:34:18,09:58:18,11:40:16,12:05:45,14:38:43,15:42:27,16:46:11,,17:28:22,17:58:11,,
2095-11-09,Wednesday,12 Cheshvan 5856,,05:12:32,05:23:30,05:37:02,06:35:30,08:31:56,09:07:56,09:34:44,09:58:44,11:40:21,12:05:45,14:38:11,15:41:42,16:45:12,,17:27:29,17:57:12,,
2095-11-10,Thursday,13 Cheshvan 5856,,05:13:33,05:24:39,05:38:05,06:36:39,08:32:33,09:08:33,09:35:11,09:59:11,11:40:27,12:05:46,14:37:40,15:40:58,16:44:15,,17:26:37,17:56:15,,
2095-11-11,Friday,14 Cheshvan 5856,,05:14:33,05:25:48,05:39:07,06:37:48,08:33:11,09:09:11,09:35:39,09:59:39,11:40:34,12:05:48,14:37:11,15:40:16,16:43:20,16:25:20,17:25:48,17:55:20,,
2095-11-12,Saturday,15 Cheshvan 5856,,05:15:33,05:26:58,05:40:09,06:38:58,08:33:50,09:09:50,09:36:07,10:00:07,11:40:42,12:05:51,14:36:43,15:39:35,16:42:27,,17:25:00,17:54:27,17:25:00,17:54:27
2095-11-13,Sunday,16 Cheshvan 5856,,05:16:33,05:28:07,05:41:11,06:40:07,08:34:29,09:10:29,09:36:36,10:00:36,11:40:51,12:05:55,14:36:17,15:38:56,16:41:35,,17:24:14,17:53:35,,
2095-11-14,Monday,17 Cheshvan 5856,,05:17:33,05:29:16,05:42:12,06:41:16,08:35:08,09:11:08,09:37:06,10:01:06,11:41:00,12:05:59,14:35:51,15:38:18,16:40:45,,17:23:30,17:52:45,,
2095-11-15,Tuesday,18 Cheshvan 5856,,05:18:33,05:30:25,05:43:14,06:42:25,08:35:48,09:11:48,09:37:35,10:01:35,11:41:11,12:06:05,14:35:28,15:37:42,16:39:57,,17:22:47,17:51:57,,
2095-11-16,Wednesday,19 Cheshvan 5856,,05:19:32,05:31:33,05:44:15,06:43:33,08:36:28,09:12:28,09:38:06,10:02:06,11:41:22,12:06:11,14:35:06,15:37:08,16:39:11,,17:22:07,17:51:11,,
2095-11-17,Thursday,20 Cheshvan 5856,,05:20:31,05:32:42,05:45:17,06:44:42,08:37:08,09:13:08,09:38:37,10:02:37,11:41:34,12:06:19,14:34:45,15:36:36,16:38:27,,17:21:29,17:50:27,,
2095-11-18,Friday,21 Cheshvan 5856,,05:21:30,05:33:50,05:46:18,06:45:50,08:37:49,09:13:49,09:39:08,10:03:08,11:41:47,12:06:27,14:34:26,15:36:05,16:37:45,16:19:45,17:20:52,17:49:45,,
2095-11-19,Saturday,22 Cheshvan 5856,,05:22:29,05:34:58,05:47:18,06:46:58,08:38:30,09:14:30,09:39:40,10:03:40,11:42:01,12:06:36,14:34:08,15:35:36,16:37:04,,17:20:17,17:49:04,17:20:17,17:49:04
2095-11-20,Sunday,23 Cheshvan 5856,,05:23:28,05:36:06,05:48:19,06:48:06,08:39:11,09:15:11,09:40:12,10:04:12,11:42:16,12:06:47,14:33:52,15:35:09,16:36:26,,17:19:45,17:48:26,,
2095-11-21,Monday,24 Cheshvan 5856,,05:24:26,05:37:13,05:49:19,06:49:13,08:39:52,09:15:52,09:40:45,10:04:45,11:42:31,12:06:58,14:33:37,15:34:43,16:35:50,,17:19:14,17:47:50,,
2095-11-22,Tuesday,25 Cheshvan 5856,,05:25:24,05:38:19,05:50:19,06:50:19,08:40:33,09:16:33,09:41:18,10:05:18,11:42:48,12:07:10,14:33:24,15:34:20,16:35:16,,17:18:45,17:47:16,,
2095-11-23,Wednesday,26 Cheshvan 5856,,05:26:21,05:39:26,05:51:18,06:51:26,08:41:15,09:17:15,09:41:52,10:05:52,11:43:05,12:07:23,14:33:12,15:33:58,16:34:44,,17:18:18,17:46:44,,
2095-11-24,Thursday,27 Cheshvan 5856,,05:27:18,05:40:31,05:52:17,06:52:31,08:41:57,09:17:57,09:42:25,10:06:25,11:43:22,12:07:37,14:33:02,15:33:38,16:34:14,,17:17:54,17:46:14,,
2095-11-25,Friday,28 Cheshvan 5856,,05:28:15,05:41:36,05:53:15,06:53:36,08:42:39,09:18:39,09:42:59,10:06:59,11:43:41,12:07:51,14:32:54,15:33:20,16:33:46,16:15:46,17:17:31,17:45:46,,
2095-11-26,Saturday,29 Cheshvan 5856,,05:29:11,05:42:41,05:54:13,06:54:41,08:43:20,09:19:20,09:43:34,10:07:34,11:44:00,12:08:07,14:32:47,15:33:03,16:33:20,,17:17:10,17:45:20,17:17:10,17:45:20
2095-11-27,Sunday,1 Kislev 5856,,05:30:06,05:43:44,05:55:10,06:55:44,08:44:02,09:20:02,09:44:08,10:08:08,11:44:20,12:08:23,14:32:41,15:32:49,16:32:56,,17:16:52,17:44:56,,
2095-11-28,Monday,2 Kislev 5856,,05:31:01,05:44:47,05:56:07,06:56:47,08:44:44,09:20:44,09:44:43,10:08:43,11:44:41,12:08:41,14:32:38,15:32:36,16:32:35,,17:16:35,17:44:35,,
2095-11-29,Tuesday,3 Kislev 5856,,05:31:55,05:45:49,05:57:03,06:57:49,08:45:26,09:21:26,09:45:18,10:09:18,11:45:03,12:08:59,14:32:35,15:32:26,16:32:16,,17:16:21,17:44:16,,
2095-11-30,Wednesday,4 Kislev 5856,,05:32:49,05:46:51,05:57:58,06:58:51,08:46:08,09:22:08,09:45:53,10:09:53,11:45:25,12:09:18,14:32:35,15:32:17,16:31:59,,17:16:08,17:43:59,,
2095-12-01,Thursday,5 Kislev 5856,,05:33:42,05:47:51,05:58:53,06:59:51,08:46:49,09:22:49,09:46:29,10:10:29,11:45:48,12:09:37,14:32:35,15:32:10,16:31:44,,17:15:58,17:43:44,,
2095-12-02,Friday,6 Kislev 5856,,05:34:34,05:48:50,05:59:47,07:00:50,08:47:31,09:23:31,09:47:04,10:11:04,11:46:11,12:09:58,14:32:38,15:32:05,16:31:31,16:13:31,17:15:50,17:43:31,,
2095-12-03,Saturday,7 Kislev 5856,,05:35:26,05:49:49,06:00:40,07:01:49,08:48:12,09:24:12,09:47:40,10:11:40,11:46:35,12:10:19,14:32:42,15:32:02,16:31:21,,17:15:44,17:43:21,17:15:44,17:43:21
2095-12-04,Sunday,8 Kislev 5856,,05:36:16,05:50:46,06:01:32,07:02:46,08:48:53,09:24:53,09:48:15,10:12:15,11:47:00,12:10:41,14:32:47,15:32:00,16:31:13,,17:15:40,17:43:13,,
2095-12-05,Monday,9 Kislev 5856,,05:37:06,05:51:42,06:02:23,07:03:42,08:49:33,09:25:33,09:48:50,10:12:50,11:47:25,12:11:03,14:32:55,15:32:01,16:31:07,,17:15:38,17:43:07,,
2095-12-06,Tuesday,10 Kislev 5856,,05:37:55,05:52:37,06:03:13,07:04:37,08:50:14,09:26:14,09:49:26,10:13:26,11:47:50,12:11:26,14:33:03,15:32:03,16:31:04,,17:15:38,17:43:04,,
2095-12-07,Wednesday,11 Kislev 5856,,05:38:43,05:53:31,06:04:03,07:05:31,08:50:54,09:26:54,09:50:01,10:14:01,11:48:17,12:11:50,14:33:13,15:32:08,16:31:02,,17:15:40,17:43:02,,
2095-12-08,Thursday,12 Kislev 5856,,05:39:30,05:54:23,06:04:51,07:06:23,08:51:33,09:27:33,09:50:36,10:14:36,11:48:43,12:12:15,14:33:25,15:32:14,16:31:03,,17:15:44,17:43:03,,
2095-12-09,Friday,13 Kislev 5856,,05:40:16,05:55:14,06:05:38,07:07:14,08:52:12,09:28:12,09:51:11,10:15:11,11:49:10,12:12:40,14:33:38,15:32:22,16:31:07,16:13:07,17:15:50,17:43:07,,
2095-12-10,Saturday,14 Kislev 5856,,05:41:01,05:56:03,06:06:24,07:08:03,08:52:51,09:28:51,09:51:46,10:15:46,11:49:38,12:13:06,14:33:53,15:32:32,16:31:12,,17:15:58,17:43:12,17:15:58,17:43:12
2095-12-11,Sunday,15 Kislev 5856,,05:41:45,05:56:52,06:07:09,07:08:52,08:53:29,09:29:29,09:52:21,10:16:21,11:50:06,12:13:32,14:34:09,15:32:44,16:31:20,,17:16:09,17:43:20,,
2095-12-12,Monday,16 Kislev 5856,,05:42:27,05:57:38,06:07:52,07:09:38,08:54:06,09:30:06,09:52:55,10:16:55,11:50:34,12:13:59,14:34:27,15:32:58,16:31:30,,17:16:21,17:43:30,,
2095-12-13,Tuesday,17 Kislev 5856,,05:43:09,05:58:23,06:08:35,07:10:23,08:54:43,09:30:43,09:53:29,10:17:29,11:51:03,12:14:26,14:34:46,15:33:14,16:31:42,,17:16:35,17:43:42,,
2095-12-14,Wednesday,18 Kislev 5856,,05:43:49,05:59:07,06:09:16,07:11:07,08:55:19,09:31:19,09:54:03,10:18:03,11:51:31,12:14:53,14:35:06,15:33:31,16:31:56,,17:16:51,17:43:56,,
2095-12-15,Thursday,19 Kislev 5856,,05:44:28,05:59:48,06:09:55,07:11:48,08:55:54,09:31:54,09:54:36,10:18:36,11:52:01,12:15:22,14:35:28,15:33:50,16:32:13,,17:17:10,17:44:13,,
2095-12-16,Friday,20 Kislev 5856,,05:45:06,06:00:28,06:10:34,07:12:28,08:56:29,09:32:29,09:55:09,10:19:09,11:52:30,12:15:50,14:35:51,15:34:11,16:32:32,16:14:32,17:17:30,17:44:32,,
2095-12-17,Saturday,21 Kislev 5856,,05:45:43,06:01:07,06:11:10,07:13:07,08:57:03,09:33:03,09:55:42,10:19:42,11:53:00,12:16:19,14:36:15,15:34:34,16:32:52,,17:17:52,17:44:52,17:17:52,17:44:52
2095-12-18,Sunday,22 Kislev 5856,,05:46:18,06:01:43,06:11:46,07:13:43,08:57:36,09:33:36,09:56:14,10:20:14,11:53:29,12:16:48,14:36:41,15:34:58,16:33:15,,17:18:16,17:45:15,,
2095-12-19,Monday,23 Kislev 5856,,05:46:51,06:02:18,06:12:20,07:14:18,08:58:08,09:34:08,09:56:45,10:20:45,11:53:59,12:17:18,14:37:08,15:35:24,16:33:41,,17:18:41,17:45:41,,
2095-12-20,Tuesday,24 Kislev 5856,,05:47:23,06:02:51,06:12:52,07:14:51,08:58:40,09:34:40,09:57:16,10:21:16,11:54:29,12:17:47,14:37:37,15:35:52,16:34:08,,17:19:09,17:46:08,,
2095-12-21,Wednesday,25 Kislev 5856,chanukah,05:47:54,06:03:21,06:13:23,07:15:21,08:59:10,09:35:10,09:57:47,10:21:47,11:54:59,12:18:17,14:38:06,15:36:22,16:34:37,,17:19:38,17:46:37,,
2095-12-22,Thursday,26 Kislev 5856,chanukah,05:48:23,06:03:50,06:13:52,07:15:50,08:59:40,09:35:40,09:58:16,10:22:16,11:55:29,12:18:47,14:38:37,15:36:53,16:35:08,,17:20:09,17:47:08,,
2095-12-23,Friday,27 Kislev 5856,chanukah,05:48:51,06:04:17,06:14:19,07:16:17,09:00:08,09:36:08,09:58:45,10:22:45,11:55:59,12:19:18,14:39:09,15:37:25,16:35:41,16:17:41,17:20:42,17:47:41,,
2095-12-24,Saturday,28 Kislev 5856,chanukah,05:49:17,06:04:42,06:14:45,07:16:42,09:00:36,09:36:36,09:59:14,10:23:14,11:56:29,12:19:48,14:39:42,15:37:59,16:36:17,,17:21:17,17:48:17,17:21:17,17:48:17
2095-12-25,Sunday,29 Kislev 5856,chanukah,05:49:41,06:05:05,06:15:09,07:17:05,09:01:02,09:37:02,09:59:41,10:23:41,11:56:59,12:20:19,14:40:16,15:38:35,16:36:54,,17:21:53,17:48:54,,
2095-12-26,Monday,30 Kislev 5856,chanukah,05:50:04,06:05:26,06:15:31,07:17:26,09:01:28,09:37:28,10:00:08,10:24:08,11:57:29,12:20:49,14:40:51,15:39:12,16:37:33,,17:22:31,17:49:33,,
2095-12-27,Tuesday,1 Teves 5856,chanukah,05:50:25,06:05:45,06:15:52,07:17:45,09:01:52,09:37:52,10:00:34,10:24:34,11:57:59,12:21:20,14:41:27,15:39:50,16:38:13,,17:23:10,17:50:13,,
2095-12-28,Wednesday,2 Teves 5856,chanukah,05:50:45,06:06:01,06:16:11,07:18:01,09:02:15,09:38:15,10:00:59,10:24:59,11:58:29,12:21:51,14:42:04,15:40:30,16:38:56,,17:23:51,17:50:56,,
2095-12-29,Thursday,3 Teves 5856,,05:51:02,06:06:16,06:16:28,07:18:16,09:02:37,09:38:37,10:01:24,10:25:24,11:58:58,12:22:21,14:42:42,15:41:11,16:39:40,,17:24:33,17:51:40,,
2095-12-30,Friday,4 Teves 5856,,05:51:18,06:06:28,06:16:43,07:18:28,09:02:58,09:38:58,10:01:47,10:25:47,11:59:27,12:22:52,14:43:21,15:41:54,16:40:26,16:22:26,17:25:17,17:52:26,,
2095-12-31,Saturday,5 Teves 5856,,05:51:32,06:06:38,06:16:56,07:18:38,09:03:17,09:39:17,10:02:10,10:26:10,11:59:56,12:23:22,14:44:01,15:42:37,16:41:14,,17:26:02,17:53:14,17:26:02,17:53:14
